date,location,customer,product,liftings
2026-04-01,A,Eve Fuel,ULSD,27954.0
2026-04-01,A,Johnny Pop,ULSD,22442.0
2026-04-01,A,Branded Fuel,ULSD,44670.0
2026-04-01,A,Unbranded Fuel,ULSD,26183.0
2026-04-01,A,Rack,ULSD,62158.0
2026-04-01,A,Eve Fuel,REG,21652.0
2026-04-01,A,Johnny Pop,REG,18686.0
2026-04-01,A,Branded Fuel,REG,35488.0
2026-04-01,A,Unbranded Fuel,REG,19544.0
2026-04-01,A,Rack,REG,50363.0
2026-04-01,A,Eve Fuel,PREM,9053.0
2026-04-01,A,Johnny Pop,PREM,7407.0
2026-04-01,A,Branded Fuel,PREM,14712.0
2026-04-01,A,Unbranded Fuel,PREM,7867.0
2026-04-01,A,Rack,PREM,19786.0
2026-04-01,B,Eve Fuel,ULSD,24371.0
2026-04-01,B,Johnny Pop,ULSD,19666.0
2026-04-01,B,Branded Fuel,ULSD,39809.0
2026-04-01,B,Unbranded Fuel,ULSD,21921.0
2026-04-01,B,Rack,ULSD,53951.0
2026-04-01,B,Eve Fuel,REG,20487.0
2026-04-01,B,Johnny Pop,REG,15948.0
2026-04-01,B,Branded Fuel,REG,31284.0
2026-04-01,B,Unbranded Fuel,REG,17078.0
2026-04-01,B,Rack,REG,43873.0
2026-04-01,B,Eve Fuel,PREM,8290.0
2026-04-01,B,Johnny Pop,PREM,6527.0
2026-04-01,B,Branded Fuel,PREM,13294.0
2026-04-01,B,Unbranded Fuel,PREM,7376.0
2026-04-01,B,Rack,PREM,18615.0
2026-04-01,C,Eve Fuel,ULSD,31103.0
2026-04-01,C,Johnny Pop,ULSD,27356.0
2026-04-01,C,Branded Fuel,ULSD,50371.0
2026-04-01,C,Unbranded Fuel,ULSD,27881.0
2026-04-01,C,Rack,ULSD,73764.0
2026-04-01,C,Eve Fuel,REG,24157.0
2026-04-01,C,Johnny Pop,REG,20645.0
2026-04-01,C,Branded Fuel,REG,37548.0
2026-04-01,C,Unbranded Fuel,REG,21888.0
2026-04-01,C,Rack,REG,57327.0
2026-04-01,C,Eve Fuel,PREM,10792.0
2026-04-01,C,Johnny Pop,PREM,8683.0
2026-04-01,C,Branded Fuel,PREM,16739.0
2026-04-01,C,Unbranded Fuel,PREM,9512.0
2026-04-01,C,Rack,PREM,22932.0
2026-04-01,D,Eve Fuel,ULSD,20211.0
2026-04-01,D,Johnny Pop,ULSD,16668.0
2026-04-01,D,Branded Fuel,ULSD,33906.0
2026-04-01,D,Unbranded Fuel,ULSD,18973.0
2026-04-01,D,Rack,ULSD,44465.0
2026-04-01,D,Eve Fuel,REG,16513.0
2026-04-01,D,Johnny Pop,REG,13226.0
2026-04-01,D,Branded Fuel,REG,25489.0
2026-04-01,D,Unbranded Fuel,REG,15140.0
2026-04-01,D,Rack,REG,38317.0
2026-04-01,D,Eve Fuel,PREM,7078.0
2026-04-01,D,Johnny Pop,PREM,5492.0
2026-04-01,D,Branded Fuel,PREM,10853.0
2026-04-01,D,Unbranded Fuel,PREM,6322.0
2026-04-01,D,Rack,PREM,16108.0
2026-05-01,A,Eve Fuel,ULSD,26671.0
2026-05-01,A,Johnny Pop,ULSD,22017.0
2026-05-01,A,Branded Fuel,ULSD,41621.0
2026-05-01,A,Unbranded Fuel,ULSD,23717.0
2026-05-01,A,Rack,ULSD,62999.0
2026-05-01,A,Eve Fuel,REG,22294.0
2026-05-01,A,Johnny Pop,REG,17490.0
2026-05-01,A,Branded Fuel,REG,35107.0
2026-05-01,A,Unbranded Fuel,REG,19686.0
2026-05-01,A,Rack,REG,47745.0
2026-05-01,A,Eve Fuel,PREM,9118.0
2026-05-01,A,Johnny Pop,PREM,7721.0
2026-05-01,A,Branded Fuel,PREM,14335.0
2026-05-01,A,Unbranded Fuel,PREM,8585.0
2026-05-01,A,Rack,PREM,18889.0
2026-05-01,B,Eve Fuel,ULSD,24954.0
2026-05-01,B,Johnny Pop,ULSD,19978.0
2026-05-01,B,Branded Fuel,ULSD,38397.0
2026-05-01,B,Unbranded Fuel,ULSD,22201.0
2026-05-01,B,Rack,ULSD,52050.0
2026-05-01,B,Eve Fuel,REG,19153.0
2026-05-01,B,Johnny Pop,REG,15944.0
2026-05-01,B,Branded Fuel,REG,32033.0
2026-05-01,B,Unbranded Fuel,REG,17255.0
2026-05-01,B,Rack,REG,42756.0
2026-05-01,B,Eve Fuel,PREM,7996.0
2026-05-01,B,Johnny Pop,PREM,6824.0
2026-05-01,B,Branded Fuel,PREM,13042.0
2026-05-01,B,Unbranded Fuel,PREM,7263.0
2026-05-01,B,Rack,PREM,18734.0
2026-05-01,C,Eve Fuel,ULSD,31210.0
2026-05-01,C,Johnny Pop,ULSD,26201.0
2026-05-01,C,Branded Fuel,ULSD,48465.0
2026-05-01,C,Unbranded Fuel,ULSD,28012.0
2026-05-01,C,Rack,ULSD,69893.0
2026-05-01,C,Eve Fuel,REG,23554.0
2026-05-01,C,Johnny Pop,REG,20336.0
2026-05-01,C,Branded Fuel,REG,39500.0
2026-05-01,C,Unbranded Fuel,REG,22400.0
2026-05-01,C,Rack,REG,55597.0
2026-05-01,C,Eve Fuel,PREM,9933.0
2026-05-01,C,Johnny Pop,PREM,8380.0
2026-05-01,C,Branded Fuel,PREM,16333.0
2026-05-01,C,Unbranded Fuel,PREM,9203.0
2026-05-01,C,Rack,PREM,23461.0
2026-05-01,D,Eve Fuel,ULSD,20541.0
2026-05-01,D,Johnny Pop,ULSD,17545.0
2026-05-01,D,Branded Fuel,ULSD,32457.0
2026-05-01,D,Unbranded Fuel,ULSD,18593.0
2026-05-01,D,Rack,ULSD,46022.0
2026-05-01,D,Eve Fuel,REG,15142.0
2026-05-01,D,Johnny Pop,REG,13135.0
2026-05-01,D,Branded Fuel,REG,25607.0
2026-05-01,D,Unbranded Fuel,REG,15686.0
2026-05-01,D,Rack,REG,36305.0
2026-05-01,D,Eve Fuel,PREM,6826.0
2026-05-01,D,Johnny Pop,PREM,5529.0
2026-05-01,D,Branded Fuel,PREM,10385.0
2026-05-01,D,Unbranded Fuel,PREM,6361.0
2026-05-01,D,Rack,PREM,15722.0
2026-06-01,A,Eve Fuel,ULSD,27026.0
2026-06-01,A,Johnny Pop,ULSD,21011.0
2026-06-01,A,Branded Fuel,ULSD,43768.0
2026-06-01,A,Unbranded Fuel,ULSD,22991.0
2026-06-01,A,Rack,ULSD,61056.0
2026-06-01,A,Eve Fuel,REG,22273.0
2026-06-01,A,Johnny Pop,REG,16592.0
2026-06-01,A,Branded Fuel,REG,32685.0
2026-06-01,A,Unbranded Fuel,REG,19057.0
2026-06-01,A,Rack,REG,46783.0
2026-06-01,A,Eve Fuel,PREM,8391.0
2026-06-01,A,Johnny Pop,PREM,7215.0
2026-06-01,A,Branded Fuel,PREM,13554.0
2026-06-01,A,Unbranded Fuel,PREM,8114.0
2026-06-01,A,Rack,PREM,19448.0
2026-06-01,B,Eve Fuel,ULSD,24865.0
2026-06-01,B,Johnny Pop,ULSD,18983.0
2026-06-01,B,Branded Fuel,ULSD,37435.0
2026-06-01,B,Unbranded Fuel,ULSD,22127.0
2026-06-01,B,Rack,ULSD,52006.0
2026-06-01,B,Eve Fuel,REG,18938.0
2026-06-01,B,Johnny Pop,REG,15994.0
2026-06-01,B,Branded Fuel,REG,28482.0
2026-06-01,B,Unbranded Fuel,REG,17195.0
2026-06-01,B,Rack,REG,43083.0
2026-06-01,B,Eve Fuel,PREM,8106.0
2026-06-01,B,Johnny Pop,PREM,6240.0
2026-06-01,B,Branded Fuel,PREM,12101.0
2026-06-01,B,Unbranded Fuel,PREM,7313.0
2026-06-01,B,Rack,PREM,18160.0
2026-06-01,C,Eve Fuel,ULSD,30588.0
2026-06-01,C,Johnny Pop,ULSD,25098.0
2026-06-01,C,Branded Fuel,ULSD,47315.0
2026-06-01,C,Unbranded Fuel,ULSD,27792.0
2026-06-01,C,Rack,ULSD,69607.0
2026-06-01,C,Eve Fuel,REG,23520.0
2026-06-01,C,Johnny Pop,REG,20766.0
2026-06-01,C,Branded Fuel,REG,38781.0
2026-06-01,C,Unbranded Fuel,REG,21069.0
2026-06-01,C,Rack,REG,55701.0
2026-06-01,C,Eve Fuel,PREM,9824.0
2026-06-01,C,Johnny Pop,PREM,8476.0
2026-06-01,C,Branded Fuel,PREM,16660.0
2026-06-01,C,Unbranded Fuel,PREM,8973.0
2026-06-01,C,Rack,PREM,23665.0
2026-06-01,D,Eve Fuel,ULSD,20045.0
2026-06-01,D,Johnny Pop,ULSD,16600.0
2026-06-01,D,Branded Fuel,ULSD,33292.0
2026-06-01,D,Unbranded Fuel,ULSD,17867.0
2026-06-01,D,Rack,ULSD,43982.0
2026-06-01,D,Eve Fuel,REG,15257.0
2026-06-01,D,Johnny Pop,REG,12511.0
2026-06-01,D,Branded Fuel,REG,24880.0
2026-06-01,D,Unbranded Fuel,REG,14396.0
2026-06-01,D,Rack,REG,35921.0
2026-06-01,D,Eve Fuel,PREM,6764.0
2026-06-01,D,Johnny Pop,PREM,5402.0
2026-06-01,D,Branded Fuel,PREM,10958.0
2026-06-01,D,Unbranded Fuel,PREM,5952.0
2026-06-01,D,Rack,PREM,16224.0
2026-07-01,A,Eve Fuel,ULSD,26223.0
2026-07-01,A,Johnny Pop,ULSD,20518.0
2026-07-01,A,Branded Fuel,ULSD,39634.0
2026-07-01,A,Unbranded Fuel,ULSD,23739.0
2026-07-01,A,Rack,ULSD,58108.0
2026-07-01,A,Eve Fuel,REG,20814.0
2026-07-01,A,Johnny Pop,REG,16909.0
2026-07-01,A,Branded Fuel,REG,32348.0
2026-07-01,A,Unbranded Fuel,REG,18054.0
2026-07-01,A,Rack,REG,44208.0
2026-07-01,A,Eve Fuel,PREM,8465.0
2026-07-01,A,Johnny Pop,PREM,7200.0
2026-07-01,A,Branded Fuel,PREM,13738.0
2026-07-01,A,Unbranded Fuel,PREM,7508.0
2026-07-01,A,Rack,PREM,19601.0
2026-07-01,B,Eve Fuel,ULSD,23434.0
2026-07-01,B,Johnny Pop,ULSD,18451.0
2026-07-01,B,Branded Fuel,ULSD,37025.0
2026-07-01,B,Unbranded Fuel,ULSD,21097.0
2026-07-01,B,Rack,ULSD,50845.0
2026-07-01,B,Eve Fuel,REG,18537.0
2026-07-01,B,Johnny Pop,REG,15258.0
2026-07-01,B,Branded Fuel,REG,30125.0
2026-07-01,B,Unbranded Fuel,REG,17200.0
2026-07-01,B,Rack,REG,39959.0
2026-07-01,B,Eve Fuel,PREM,7505.0
2026-07-01,B,Johnny Pop,PREM,6416.0
2026-07-01,B,Branded Fuel,PREM,12474.0
2026-07-01,B,Unbranded Fuel,PREM,7128.0
2026-07-01,B,Rack,PREM,19578.0
2026-07-01,C,Eve Fuel,ULSD,30108.0
2026-07-01,C,Johnny Pop,ULSD,25044.0
2026-07-01,C,Branded Fuel,ULSD,48440.0
2026-07-01,C,Unbranded Fuel,ULSD,27436.0
2026-07-01,C,Rack,ULSD,66639.0
2026-07-01,C,Eve Fuel,REG,23968.0
2026-07-01,C,Johnny Pop,REG,18729.0
2026-07-01,C,Branded Fuel,REG,37017.0
2026-07-01,C,Unbranded Fuel,REG,20994.0
2026-07-01,C,Rack,REG,53390.0
2026-07-01,C,Eve Fuel,PREM,10552.0
2026-07-01,C,Johnny Pop,PREM,7621.0
2026-07-01,C,Branded Fuel,PREM,16021.0
2026-07-01,C,Unbranded Fuel,PREM,8536.0
2026-07-01,C,Rack,PREM,22108.0
2026-07-01,D,Eve Fuel,ULSD,19936.0
2026-07-01,D,Johnny Pop,ULSD,15825.0
2026-07-01,D,Branded Fuel,ULSD,29719.0
2026-07-01,D,Unbranded Fuel,ULSD,17173.0
2026-07-01,D,Rack,ULSD,44770.0
2026-07-01,D,Eve Fuel,REG,14948.0
2026-07-01,D,Johnny Pop,REG,12586.0
2026-07-01,D,Branded Fuel,REG,24347.0
2026-07-01,D,Unbranded Fuel,REG,13622.0
2026-07-01,D,Rack,REG,36968.0
2026-07-01,D,Eve Fuel,PREM,6557.0
2026-07-01,D,Johnny Pop,PREM,4945.0
2026-07-01,D,Branded Fuel,PREM,10295.0
2026-07-01,D,Unbranded Fuel,PREM,5734.0
2026-07-01,D,Rack,PREM,14999.0
2026-08-01,A,Eve Fuel,ULSD,24656.0
2026-08-01,A,Johnny Pop,ULSD,20594.0
2026-08-01,A,Branded Fuel,ULSD,40790.0
2026-08-01,A,Unbranded Fuel,ULSD,23557.0
2026-08-01,A,Rack,ULSD,55335.0
2026-08-01,A,Eve Fuel,REG,19794.0
2026-08-01,A,Johnny Pop,REG,16126.0
2026-08-01,A,Branded Fuel,REG,31187.0
2026-08-01,A,Unbranded Fuel,REG,19140.0
2026-08-01,A,Rack,REG,45995.0
2026-08-01,A,Eve Fuel,PREM,8100.0
2026-08-01,A,Johnny Pop,PREM,7078.0
2026-08-01,A,Branded Fuel,PREM,14246.0
2026-08-01,A,Unbranded Fuel,PREM,7891.0
2026-08-01,A,Rack,PREM,18262.0
2026-08-01,B,Eve Fuel,ULSD,22401.0
2026-08-01,B,Johnny Pop,ULSD,19305.0
2026-08-01,B,Branded Fuel,ULSD,35395.0
2026-08-01,B,Unbranded Fuel,ULSD,20940.0
2026-08-01,B,Rack,ULSD,52862.0
2026-08-01,B,Eve Fuel,REG,17495.0
2026-08-01,B,Johnny Pop,REG,14697.0
2026-08-01,B,Branded Fuel,REG,25845.0
2026-08-01,B,Unbranded Fuel,REG,15857.0
2026-08-01,B,Rack,REG,40589.0
2026-08-01,B,Eve Fuel,PREM,7293.0
2026-08-01,B,Johnny Pop,PREM,6503.0
2026-08-01,B,Branded Fuel,PREM,11537.0
2026-08-01,B,Unbranded Fuel,PREM,6797.0
2026-08-01,B,Rack,PREM,17288.0
2026-08-01,C,Eve Fuel,ULSD,30301.0
2026-08-01,C,Johnny Pop,ULSD,22741.0
2026-08-01,C,Branded Fuel,ULSD,47821.0
2026-08-01,C,Unbranded Fuel,ULSD,26413.0
2026-08-01,C,Rack,ULSD,64068.0
2026-08-01,C,Eve Fuel,REG,23313.0
2026-08-01,C,Johnny Pop,REG,18926.0
2026-08-01,C,Branded Fuel,REG,35923.0
2026-08-01,C,Unbranded Fuel,REG,20948.0
2026-08-01,C,Rack,REG,51656.0
2026-08-01,C,Eve Fuel,PREM,9715.0
2026-08-01,C,Johnny Pop,PREM,8079.0
2026-08-01,C,Branded Fuel,PREM,16136.0
2026-08-01,C,Unbranded Fuel,PREM,8475.0
2026-08-01,C,Rack,PREM,23412.0
2026-08-01,D,Eve Fuel,ULSD,17833.0
2026-08-01,D,Johnny Pop,ULSD,15428.0
2026-08-01,D,Branded Fuel,ULSD,30668.0
2026-08-01,D,Unbranded Fuel,ULSD,17366.0
2026-08-01,D,Rack,ULSD,42247.0
2026-08-01,D,Eve Fuel,REG,14903.0
2026-08-01,D,Johnny Pop,REG,12088.0
2026-08-01,D,Branded Fuel,REG,23436.0
2026-08-01,D,Unbranded Fuel,REG,13980.0
2026-08-01,D,Rack,REG,34447.0
2026-08-01,D,Eve Fuel,PREM,6183.0
2026-08-01,D,Johnny Pop,PREM,5306.0
2026-08-01,D,Branded Fuel,PREM,10138.0
2026-08-01,D,Unbranded Fuel,PREM,5880.0
2026-08-01,D,Rack,PREM,14622.0
2026-09-01,A,Eve Fuel,ULSD,24456.0
2026-09-01,A,Johnny Pop,ULSD,20175.0
2026-09-01,A,Branded Fuel,ULSD,40795.0
2026-09-01,A,Unbranded Fuel,ULSD,23217.0
2026-09-01,A,Rack,ULSD,56964.0
2026-09-01,A,Eve Fuel,REG,19925.0
2026-09-01,A,Johnny Pop,REG,16868.0
2026-09-01,A,Branded Fuel,REG,31027.0
2026-09-01,A,Unbranded Fuel,REG,18346.0
2026-09-01,A,Rack,REG,44851.0
2026-09-01,A,Eve Fuel,PREM,8305.0
2026-09-01,A,Johnny Pop,PREM,7065.0
2026-09-01,A,Branded Fuel,PREM,13629.0
2026-09-01,A,Unbranded Fuel,PREM,7785.0
2026-09-01,A,Rack,PREM,19744.0
2026-09-01,B,Eve Fuel,ULSD,22586.0
2026-09-01,B,Johnny Pop,ULSD,18846.0
2026-09-01,B,Branded Fuel,ULSD,35576.0
2026-09-01,B,Unbranded Fuel,ULSD,20720.0
2026-09-01,B,Rack,ULSD,51100.0
2026-09-01,B,Eve Fuel,REG,17921.0
2026-09-01,B,Johnny Pop,REG,14882.0
2026-09-01,B,Branded Fuel,REG,27731.0
2026-09-01,B,Unbranded Fuel,REG,17265.0
2026-09-01,B,Rack,REG,39387.0
2026-09-01,B,Eve Fuel,PREM,7250.0
2026-09-01,B,Johnny Pop,PREM,6370.0
2026-09-01,B,Branded Fuel,PREM,12254.0
2026-09-01,B,Unbranded Fuel,PREM,6968.0
2026-09-01,B,Rack,PREM,17422.0
2026-09-01,C,Eve Fuel,ULSD,28831.0
2026-09-01,C,Johnny Pop,ULSD,22963.0
2026-09-01,C,Branded Fuel,ULSD,45989.0
2026-09-01,C,Unbranded Fuel,ULSD,25687.0
2026-09-01,C,Rack,ULSD,67468.0
2026-09-01,C,Eve Fuel,REG,22733.0
2026-09-01,C,Johnny Pop,REG,18219.0
2026-09-01,C,Branded Fuel,REG,35975.0
2026-09-01,C,Unbranded Fuel,REG,21015.0
2026-09-01,C,Rack,REG,51016.0
2026-09-01,C,Eve Fuel,PREM,9377.0
2026-09-01,C,Johnny Pop,PREM,7924.0
2026-09-01,C,Branded Fuel,PREM,15407.0
2026-09-01,C,Unbranded Fuel,PREM,8607.0
2026-09-01,C,Rack,PREM,21541.0
2026-09-01,D,Eve Fuel,ULSD,18941.0
2026-09-01,D,Johnny Pop,ULSD,14721.0
2026-09-01,D,Branded Fuel,ULSD,28661.0
2026-09-01,D,Unbranded Fuel,ULSD,16731.0
2026-09-01,D,Rack,ULSD,42476.0
2026-09-01,D,Eve Fuel,REG,15030.0
2026-09-01,D,Johnny Pop,REG,12723.0
2026-09-01,D,Branded Fuel,REG,24300.0
2026-09-01,D,Unbranded Fuel,REG,13473.0
2026-09-01,D,Rack,REG,33824.0
2026-09-01,D,Eve Fuel,PREM,6081.0
2026-09-01,D,Johnny Pop,PREM,5127.0
2026-09-01,D,Branded Fuel,PREM,9889.0
2026-09-01,D,Unbranded Fuel,PREM,5755.0
2026-09-01,D,Rack,PREM,13896.0
2026-10-01,A,Eve Fuel,ULSD,25650.0
2026-10-01,A,Johnny Pop,ULSD,21615.0
2026-10-01,A,Branded Fuel,ULSD,40050.0
2026-10-01,A,Unbranded Fuel,ULSD,23237.0
2026-10-01,A,Rack,ULSD,58590.0
2026-10-01,A,Eve Fuel,REG,19754.0
2026-10-01,A,Johnny Pop,REG,16470.0
2026-10-01,A,Branded Fuel,REG,31822.0
2026-10-01,A,Unbranded Fuel,REG,18231.0
2026-10-01,A,Rack,REG,44389.0
2026-10-01,A,Eve Fuel,PREM,8425.0
2026-10-01,A,Johnny Pop,PREM,6991.0
2026-10-01,A,Branded Fuel,PREM,13977.0
2026-10-01,A,Unbranded Fuel,PREM,7874.0
2026-10-01,A,Rack,PREM,20370.0
2026-10-01,B,Eve Fuel,ULSD,22208.0
2026-10-01,B,Johnny Pop,ULSD,19085.0
2026-10-01,B,Branded Fuel,ULSD,36362.0
2026-10-01,B,Unbranded Fuel,ULSD,22022.0
2026-10-01,B,Rack,ULSD,50409.0
2026-10-01,B,Eve Fuel,REG,17542.0
2026-10-01,B,Johnny Pop,REG,14459.0
2026-10-01,B,Branded Fuel,REG,26805.0
2026-10-01,B,Unbranded Fuel,REG,16102.0
2026-10-01,B,Rack,REG,39967.0
2026-10-01,B,Eve Fuel,PREM,7611.0
2026-10-01,B,Johnny Pop,PREM,6263.0
2026-10-01,B,Branded Fuel,PREM,12733.0
2026-10-01,B,Unbranded Fuel,PREM,7085.0
2026-10-01,B,Rack,PREM,16923.0
2026-10-01,C,Eve Fuel,ULSD,28263.0
2026-10-01,C,Johnny Pop,ULSD,24115.0
2026-10-01,C,Branded Fuel,ULSD,44378.0
2026-10-01,C,Unbranded Fuel,ULSD,27856.0
2026-10-01,C,Rack,ULSD,68348.0
2026-10-01,C,Eve Fuel,REG,22671.0
2026-10-01,C,Johnny Pop,REG,17847.0
2026-10-01,C,Branded Fuel,REG,38068.0
2026-10-01,C,Unbranded Fuel,REG,20832.0
2026-10-01,C,Rack,REG,54200.0
2026-10-01,C,Eve Fuel,PREM,9219.0
2026-10-01,C,Johnny Pop,PREM,7779.0
2026-10-01,C,Branded Fuel,PREM,15405.0
2026-10-01,C,Unbranded Fuel,PREM,8814.0
2026-10-01,C,Rack,PREM,21707.0
2026-10-01,D,Eve Fuel,ULSD,19297.0
2026-10-01,D,Johnny Pop,ULSD,15002.0
2026-10-01,D,Branded Fuel,ULSD,30007.0
2026-10-01,D,Unbranded Fuel,ULSD,17283.0
2026-10-01,D,Rack,ULSD,43716.0
2026-10-01,D,Eve Fuel,REG,15316.0
2026-10-01,D,Johnny Pop,REG,11856.0
2026-10-01,D,Branded Fuel,REG,22760.0
2026-10-01,D,Unbranded Fuel,REG,14156.0
2026-10-01,D,Rack,REG,34422.0
2026-10-01,D,Eve Fuel,PREM,6172.0
2026-10-01,D,Johnny Pop,PREM,5407.0
2026-10-01,D,Branded Fuel,PREM,10080.0
2026-10-01,D,Unbranded Fuel,PREM,5943.0
2026-10-01,D,Rack,PREM,14380.0
2026-11-01,A,Eve Fuel,ULSD,27331.0
2026-11-01,A,Johnny Pop,ULSD,22169.0
2026-11-01,A,Branded Fuel,ULSD,40644.0
2026-11-01,A,Unbranded Fuel,ULSD,24082.0
2026-11-01,A,Rack,ULSD,59633.0
2026-11-01,A,Eve Fuel,REG,21214.0
2026-11-01,A,Johnny Pop,REG,16190.0
2026-11-01,A,Branded Fuel,REG,33086.0
2026-11-01,A,Unbranded Fuel,REG,19113.0
2026-11-01,A,Rack,REG,43869.0
2026-11-01,A,Eve Fuel,PREM,8275.0
2026-11-01,A,Johnny Pop,PREM,6591.0
2026-11-01,A,Branded Fuel,PREM,13540.0
2026-11-01,A,Unbranded Fuel,PREM,7968.0
2026-11-01,A,Rack,PREM,20379.0
2026-11-01,B,Eve Fuel,ULSD,23217.0
2026-11-01,B,Johnny Pop,ULSD,19880.0
2026-11-01,B,Branded Fuel,ULSD,35329.0
2026-11-01,B,Unbranded Fuel,ULSD,19984.0
2026-11-01,B,Rack,ULSD,52562.0
2026-11-01,B,Eve Fuel,REG,18551.0
2026-11-01,B,Johnny Pop,REG,14991.0
2026-11-01,B,Branded Fuel,REG,27367.0
2026-11-01,B,Unbranded Fuel,REG,16628.0
2026-11-01,B,Rack,REG,40050.0
2026-11-01,B,Eve Fuel,PREM,7877.0
2026-11-01,B,Johnny Pop,PREM,6387.0
2026-11-01,B,Branded Fuel,PREM,11939.0
2026-11-01,B,Unbranded Fuel,PREM,6912.0
2026-11-01,B,Rack,PREM,16992.0
2026-11-01,C,Eve Fuel,ULSD,29545.0
2026-11-01,C,Johnny Pop,ULSD,24913.0
2026-11-01,C,Branded Fuel,ULSD,45700.0
2026-11-01,C,Unbranded Fuel,ULSD,27317.0
2026-11-01,C,Rack,ULSD,66205.0
2026-11-01,C,Eve Fuel,REG,22877.0
2026-11-01,C,Johnny Pop,REG,19112.0
2026-11-01,C,Branded Fuel,REG,36124.0
2026-11-01,C,Unbranded Fuel,REG,20950.0
2026-11-01,C,Rack,REG,51345.0
2026-11-01,C,Eve Fuel,PREM,10449.0
2026-11-01,C,Johnny Pop,PREM,8082.0
2026-11-01,C,Branded Fuel,PREM,15368.0
2026-11-01,C,Unbranded Fuel,PREM,9028.0
2026-11-01,C,Rack,PREM,22349.0
2026-11-01,D,Eve Fuel,ULSD,19177.0
2026-11-01,D,Johnny Pop,ULSD,16086.0
2026-11-01,D,Branded Fuel,ULSD,31410.0
2026-11-01,D,Unbranded Fuel,ULSD,17271.0
2026-11-01,D,Rack,ULSD,43117.0
2026-11-01,D,Eve Fuel,REG,15157.0
2026-11-01,D,Johnny Pop,REG,11641.0
2026-11-01,D,Branded Fuel,REG,23209.0
2026-11-01,D,Unbranded Fuel,REG,14463.0
2026-11-01,D,Rack,REG,36448.0
2026-11-01,D,Eve Fuel,PREM,6387.0
2026-11-01,D,Johnny Pop,PREM,5356.0
2026-11-01,D,Branded Fuel,PREM,10333.0
2026-11-01,D,Unbranded Fuel,PREM,6390.0
2026-11-01,D,Rack,PREM,15116.0
2026-12-01,A,Eve Fuel,ULSD,26299.0
2026-12-01,A,Johnny Pop,ULSD,20981.0
2026-12-01,A,Branded Fuel,ULSD,39976.0
2026-12-01,A,Unbranded Fuel,ULSD,24146.0
2026-12-01,A,Rack,ULSD,58639.0
2026-12-01,A,Eve Fuel,REG,20008.0
2026-12-01,A,Johnny Pop,REG,16768.0
2026-12-01,A,Branded Fuel,REG,32171.0
2026-12-01,A,Unbranded Fuel,REG,19962.0
2026-12-01,A,Rack,REG,48756.0
2026-12-01,A,Eve Fuel,PREM,8798.0
2026-12-01,A,Johnny Pop,PREM,7520.0
2026-12-01,A,Branded Fuel,PREM,14032.0
2026-12-01,A,Unbranded Fuel,PREM,7793.0
2026-12-01,A,Rack,PREM,20914.0
2026-12-01,B,Eve Fuel,ULSD,24144.0
2026-12-01,B,Johnny Pop,ULSD,18835.0
2026-12-01,B,Branded Fuel,ULSD,37584.0
2026-12-01,B,Unbranded Fuel,ULSD,21033.0
2026-12-01,B,Rack,ULSD,51760.0
2026-12-01,B,Eve Fuel,REG,19333.0
2026-12-01,B,Johnny Pop,REG,16272.0
2026-12-01,B,Branded Fuel,REG,28669.0
2026-12-01,B,Unbranded Fuel,REG,17389.0
2026-12-01,B,Rack,REG,41916.0
2026-12-01,B,Eve Fuel,PREM,7804.0
2026-12-01,B,Johnny Pop,PREM,6365.0
2026-12-01,B,Branded Fuel,PREM,12273.0
2026-12-01,B,Unbranded Fuel,PREM,7210.0
2026-12-01,B,Rack,PREM,17551.0
2026-12-01,C,Eve Fuel,ULSD,30606.0
2026-12-01,C,Johnny Pop,ULSD,24803.0
2026-12-01,C,Branded Fuel,ULSD,47954.0
2026-12-01,C,Unbranded Fuel,ULSD,26849.0
2026-12-01,C,Rack,ULSD,67806.0
2026-12-01,C,Eve Fuel,REG,24580.0
2026-12-01,C,Johnny Pop,REG,19961.0
2026-12-01,C,Branded Fuel,REG,37116.0
2026-12-01,C,Unbranded Fuel,REG,21915.0
2026-12-01,C,Rack,REG,55856.0
2026-12-01,C,Eve Fuel,PREM,9613.0
2026-12-01,C,Johnny Pop,PREM,8415.0
2026-12-01,C,Branded Fuel,PREM,15780.0
2026-12-01,C,Unbranded Fuel,PREM,9357.0
2026-12-01,C,Rack,PREM,22473.0
2026-12-01,D,Eve Fuel,ULSD,18728.0
2026-12-01,D,Johnny Pop,ULSD,15409.0
2026-12-01,D,Branded Fuel,ULSD,31545.0
2026-12-01,D,Unbranded Fuel,ULSD,18140.0
2026-12-01,D,Rack,ULSD,43779.0
2026-12-01,D,Eve Fuel,REG,15975.0
2026-12-01,D,Johnny Pop,REG,12186.0
2026-12-01,D,Branded Fuel,REG,24888.0
2026-12-01,D,Unbranded Fuel,REG,13732.0
2026-12-01,D,Rack,REG,34928.0
2026-12-01,D,Eve Fuel,PREM,6609.0
2026-12-01,D,Johnny Pop,PREM,5261.0
2026-12-01,D,Branded Fuel,PREM,10379.0
2026-12-01,D,Unbranded Fuel,PREM,6181.0
2026-12-01,D,Rack,PREM,14740.0
2027-01-01,A,Eve Fuel,ULSD,27738.0
2027-01-01,A,Johnny Pop,ULSD,21390.0
2027-01-01,A,Branded Fuel,ULSD,43734.0
2027-01-01,A,Unbranded Fuel,ULSD,25664.0
2027-01-01,A,Rack,ULSD,56940.0
2027-01-01,A,Eve Fuel,REG,20910.0
2027-01-01,A,Johnny Pop,REG,17831.0
2027-01-01,A,Branded Fuel,REG,33874.0
2027-01-01,A,Unbranded Fuel,REG,19692.0
2027-01-01,A,Rack,REG,47805.0
2027-01-01,A,Eve Fuel,PREM,9043.0
2027-01-01,A,Johnny Pop,PREM,7346.0
2027-01-01,A,Branded Fuel,PREM,14853.0
2027-01-01,A,Unbranded Fuel,PREM,8263.0
2027-01-01,A,Rack,PREM,20708.0
2027-01-01,B,Eve Fuel,ULSD,24053.0
2027-01-01,B,Johnny Pop,ULSD,19635.0
2027-01-01,B,Branded Fuel,ULSD,38242.0
2027-01-01,B,Unbranded Fuel,ULSD,22402.0
2027-01-01,B,Rack,ULSD,54651.0
2027-01-01,B,Eve Fuel,REG,19448.0
2027-01-01,B,Johnny Pop,REG,16757.0
2027-01-01,B,Branded Fuel,REG,31475.0
2027-01-01,B,Unbranded Fuel,REG,17356.0
2027-01-01,B,Rack,REG,45398.0
2027-01-01,B,Eve Fuel,PREM,8019.0
2027-01-01,B,Johnny Pop,PREM,6236.0
2027-01-01,B,Branded Fuel,PREM,12524.0
2027-01-01,B,Unbranded Fuel,PREM,6966.0
2027-01-01,B,Rack,PREM,18255.0
2027-01-01,C,Eve Fuel,ULSD,31136.0
2027-01-01,C,Johnny Pop,ULSD,26742.0
2027-01-01,C,Branded Fuel,ULSD,49993.0
2027-01-01,C,Unbranded Fuel,ULSD,28104.0
2027-01-01,C,Rack,ULSD,72485.0
2027-01-01,C,Eve Fuel,REG,23002.0
2027-01-01,C,Johnny Pop,REG,20299.0
2027-01-01,C,Branded Fuel,REG,40100.0
2027-01-01,C,Unbranded Fuel,REG,21403.0
2027-01-01,C,Rack,REG,57912.0
2027-01-01,C,Eve Fuel,PREM,10478.0
2027-01-01,C,Johnny Pop,PREM,8381.0
2027-01-01,C,Branded Fuel,PREM,16816.0
2027-01-01,C,Unbranded Fuel,PREM,10072.0
2027-01-01,C,Rack,PREM,23704.0
2027-01-01,D,Eve Fuel,ULSD,20446.0
2027-01-01,D,Johnny Pop,ULSD,16376.0
2027-01-01,D,Branded Fuel,ULSD,31464.0
2027-01-01,D,Unbranded Fuel,ULSD,18910.0
2027-01-01,D,Rack,ULSD,44940.0
2027-01-01,D,Eve Fuel,REG,16101.0
2027-01-01,D,Johnny Pop,REG,12957.0
2027-01-01,D,Branded Fuel,REG,25928.0
2027-01-01,D,Unbranded Fuel,REG,14752.0
2027-01-01,D,Rack,REG,37652.0
2027-01-01,D,Eve Fuel,PREM,6661.0
2027-01-01,D,Johnny Pop,PREM,5490.0
2027-01-01,D,Branded Fuel,PREM,10446.0
2027-01-01,D,Unbranded Fuel,PREM,6068.0
2027-01-01,D,Rack,PREM,15549.0
2027-02-01,A,Eve Fuel,ULSD,28169.0
2027-02-01,A,Johnny Pop,ULSD,21912.0
2027-02-01,A,Branded Fuel,ULSD,44962.0
2027-02-01,A,Unbranded Fuel,ULSD,26058.0
2027-02-01,A,Rack,ULSD,63374.0
2027-02-01,A,Eve Fuel,REG,23033.0
2027-02-01,A,Johnny Pop,REG,17426.0
2027-02-01,A,Branded Fuel,REG,33394.0
2027-02-01,A,Unbranded Fuel,REG,18765.0
2027-02-01,A,Rack,REG,51781.0
2027-02-01,A,Eve Fuel,PREM,9361.0
2027-02-01,A,Johnny Pop,PREM,7499.0
2027-02-01,A,Branded Fuel,PREM,14729.0
2027-02-01,A,Unbranded Fuel,PREM,8065.0
2027-02-01,A,Rack,PREM,22397.0
2027-02-01,B,Eve Fuel,ULSD,24885.0
2027-02-01,B,Johnny Pop,ULSD,20348.0
2027-02-01,B,Branded Fuel,ULSD,40295.0
2027-02-01,B,Unbranded Fuel,ULSD,22860.0
2027-02-01,B,Rack,ULSD,56717.0
2027-02-01,B,Eve Fuel,REG,19159.0
2027-02-01,B,Johnny Pop,REG,16284.0
2027-02-01,B,Branded Fuel,REG,32984.0
2027-02-01,B,Unbranded Fuel,REG,18561.0
2027-02-01,B,Rack,REG,46733.0
2027-02-01,B,Eve Fuel,PREM,8136.0
2027-02-01,B,Johnny Pop,PREM,6560.0
2027-02-01,B,Branded Fuel,PREM,13096.0
2027-02-01,B,Unbranded Fuel,PREM,7524.0
2027-02-01,B,Rack,PREM,19396.0
2027-02-01,C,Eve Fuel,ULSD,30066.0
2027-02-01,C,Johnny Pop,ULSD,27105.0
2027-02-01,C,Branded Fuel,ULSD,50153.0
2027-02-01,C,Unbranded Fuel,ULSD,28426.0
2027-02-01,C,Rack,ULSD,69802.0
2027-02-01,C,Eve Fuel,REG,23831.0
2027-02-01,C,Johnny Pop,REG,21023.0
2027-02-01,C,Branded Fuel,REG,39981.0
2027-02-01,C,Unbranded Fuel,REG,21914.0
2027-02-01,C,Rack,REG,54776.0
2027-02-01,C,Eve Fuel,PREM,10452.0
2027-02-01,C,Johnny Pop,PREM,9071.0
2027-02-01,C,Branded Fuel,PREM,16666.0
2027-02-01,C,Unbranded Fuel,PREM,9166.0
2027-02-01,C,Rack,PREM,23819.0
2027-02-01,D,Eve Fuel,ULSD,20488.0
2027-02-01,D,Johnny Pop,ULSD,15534.0
2027-02-01,D,Branded Fuel,ULSD,32810.0
2027-02-01,D,Unbranded Fuel,ULSD,18649.0
2027-02-01,D,Rack,ULSD,47929.0
2027-02-01,D,Eve Fuel,REG,17261.0
2027-02-01,D,Johnny Pop,REG,13833.0
2027-02-01,D,Branded Fuel,REG,25807.0
2027-02-01,D,Unbranded Fuel,REG,14374.0
2027-02-01,D,Rack,REG,40037.0
2027-02-01,D,Eve Fuel,PREM,6898.0
2027-02-01,D,Johnny Pop,PREM,5636.0
2027-02-01,D,Branded Fuel,PREM,10947.0
2027-02-01,D,Unbranded Fuel,PREM,6297.0
2027-02-01,D,Rack,PREM,15582.0
2027-03-01,A,Eve Fuel,ULSD,27243.0
2027-03-01,A,Johnny Pop,ULSD,22308.0
2027-03-01,A,Branded Fuel,ULSD,44057.0
2027-03-01,A,Unbranded Fuel,ULSD,24789.0
2027-03-01,A,Rack,ULSD,61653.0
2027-03-01,A,Eve Fuel,REG,22015.0
2027-03-01,A,Johnny Pop,REG,17818.0
2027-03-01,A,Branded Fuel,REG,36488.0
2027-03-01,A,Unbranded Fuel,REG,18363.0
2027-03-01,A,Rack,REG,51508.0
2027-03-01,A,Eve Fuel,PREM,9585.0
2027-03-01,A,Johnny Pop,PREM,7090.0
2027-03-01,A,Branded Fuel,PREM,14549.0
2027-03-01,A,Unbranded Fuel,PREM,8306.0
2027-03-01,A,Rack,PREM,20113.0
2027-03-01,B,Eve Fuel,ULSD,24366.0
2027-03-01,B,Johnny Pop,ULSD,19732.0
2027-03-01,B,Branded Fuel,ULSD,41776.0
2027-03-01,B,Unbranded Fuel,ULSD,23317.0
2027-03-01,B,Rack,ULSD,58863.0
2027-03-01,B,Eve Fuel,REG,20178.0
2027-03-01,B,Johnny Pop,REG,15612.0
2027-03-01,B,Branded Fuel,REG,30927.0
2027-03-01,B,Unbranded Fuel,REG,18219.0
2027-03-01,B,Rack,REG,43242.0
2027-03-01,B,Eve Fuel,PREM,8494.0
2027-03-01,B,Johnny Pop,PREM,6755.0
2027-03-01,B,Branded Fuel,PREM,13081.0
2027-03-01,B,Unbranded Fuel,PREM,7721.0
2027-03-01,B,Rack,PREM,19152.0
2027-03-01,C,Eve Fuel,ULSD,31533.0
2027-03-01,C,Johnny Pop,ULSD,26989.0
2027-03-01,C,Branded Fuel,ULSD,49070.0
2027-03-01,C,Unbranded Fuel,ULSD,29515.0
2027-03-01,C,Rack,ULSD,73739.0
2027-03-01,C,Eve Fuel,REG,25002.0
2027-03-01,C,Johnny Pop,REG,20850.0
2027-03-01,C,Branded Fuel,REG,38642.0
2027-03-01,C,Unbranded Fuel,REG,23578.0
2027-03-01,C,Rack,REG,57038.0
2027-03-01,C,Eve Fuel,PREM,10459.0
2027-03-01,C,Johnny Pop,PREM,8968.0
2027-03-01,C,Branded Fuel,PREM,16548.0
2027-03-01,C,Unbranded Fuel,PREM,9252.0
2027-03-01,C,Rack,PREM,23022.0
2027-03-01,D,Eve Fuel,ULSD,21168.0
2027-03-01,D,Johnny Pop,ULSD,16357.0
2027-03-01,D,Branded Fuel,ULSD,34816.0
2027-03-01,D,Unbranded Fuel,ULSD,17720.0
2027-03-01,D,Rack,ULSD,49655.0
2027-03-01,D,Eve Fuel,REG,16563.0
2027-03-01,D,Johnny Pop,REG,13427.0
2027-03-01,D,Branded Fuel,REG,25756.0
2027-03-01,D,Unbranded Fuel,REG,15142.0
2027-03-01,D,Rack,REG,37364.0
2027-03-01,D,Eve Fuel,PREM,7159.0
2027-03-01,D,Johnny Pop,PREM,5689.0
2027-03-01,D,Branded Fuel,PREM,11075.0
2027-03-01,D,Unbranded Fuel,PREM,6231.0
2027-03-01,D,Rack,PREM,15723.0
2027-04-01,A,Eve Fuel,ULSD,27797.0
2027-04-01,A,Johnny Pop,ULSD,21379.0
2027-04-01,A,Branded Fuel,ULSD,42046.0
2027-04-01,A,Unbranded Fuel,ULSD,25598.0
2027-04-01,A,Rack,ULSD,62919.0
2027-04-01,A,Eve Fuel,REG,21685.0
2027-04-01,A,Johnny Pop,REG,17850.0
2027-04-01,A,Branded Fuel,REG,35051.0
2027-04-01,A,Unbranded Fuel,REG,19502.0
2027-04-01,A,Rack,REG,48400.0
2027-04-01,A,Eve Fuel,PREM,9235.0
2027-04-01,A,Johnny Pop,PREM,7291.0
2027-04-01,A,Branded Fuel,PREM,14785.0
2027-04-01,A,Unbranded Fuel,PREM,7920.0
2027-04-01,A,Rack,PREM,21510.0
2027-04-01,B,Eve Fuel,ULSD,25140.0
2027-04-01,B,Johnny Pop,ULSD,20438.0
2027-04-01,B,Branded Fuel,ULSD,40599.0
2027-04-01,B,Unbranded Fuel,ULSD,23661.0
2027-04-01,B,Rack,ULSD,58053.0
2027-04-01,B,Eve Fuel,REG,18541.0
2027-04-01,B,Johnny Pop,REG,15440.0
2027-04-01,B,Branded Fuel,REG,30636.0
2027-04-01,B,Unbranded Fuel,REG,17854.0
2027-04-01,B,Rack,REG,45294.0
2027-04-01,B,Eve Fuel,PREM,8083.0
2027-04-01,B,Johnny Pop,PREM,6798.0
2027-04-01,B,Branded Fuel,PREM,12848.0
2027-04-01,B,Unbranded Fuel,PREM,7374.0
2027-04-01,B,Rack,PREM,17987.0
2027-04-01,C,Eve Fuel,ULSD,30797.0
2027-04-01,C,Johnny Pop,ULSD,24865.0
2027-04-01,C,Branded Fuel,ULSD,48916.0
2027-04-01,C,Unbranded Fuel,ULSD,29705.0
2027-04-01,C,Rack,ULSD,69937.0
2027-04-01,C,Eve Fuel,REG,27056.0
2027-04-01,C,Johnny Pop,REG,20820.0
2027-04-01,C,Branded Fuel,REG,40114.0
2027-04-01,C,Unbranded Fuel,REG,22209.0
2027-04-01,C,Rack,REG,58188.0
2027-04-01,C,Eve Fuel,PREM,10376.0
2027-04-01,C,Johnny Pop,PREM,8670.0
2027-04-01,C,Branded Fuel,PREM,18087.0
2027-04-01,C,Unbranded Fuel,PREM,9571.0
2027-04-01,C,Rack,PREM,24823.0
2027-04-01,D,Eve Fuel,ULSD,20222.0
2027-04-01,D,Johnny Pop,ULSD,16884.0
2027-04-01,D,Branded Fuel,ULSD,34610.0
2027-04-01,D,Unbranded Fuel,ULSD,18426.0
2027-04-01,D,Rack,ULSD,49501.0
2027-04-01,D,Eve Fuel,REG,16701.0
2027-04-01,D,Johnny Pop,REG,13155.0
2027-04-01,D,Branded Fuel,REG,26511.0
2027-04-01,D,Unbranded Fuel,REG,15301.0
2027-04-01,D,Rack,REG,37861.0
2027-04-01,D,Eve Fuel,PREM,6561.0
2027-04-01,D,Johnny Pop,PREM,5511.0
2027-04-01,D,Branded Fuel,PREM,10873.0
2027-04-01,D,Unbranded Fuel,PREM,6246.0
2027-04-01,D,Rack,PREM,15941.0
2027-05-01,A,Eve Fuel,ULSD,27204.0
2027-05-01,A,Johnny Pop,ULSD,21253.0
2027-05-01,A,Branded Fuel,ULSD,43541.0
2027-05-01,A,Unbranded Fuel,ULSD,25051.0
2027-05-01,A,Rack,ULSD,62533.0
2027-05-01,A,Eve Fuel,REG,22117.0
2027-05-01,A,Johnny Pop,REG,17966.0
2027-05-01,A,Branded Fuel,REG,34551.0
2027-05-01,A,Unbranded Fuel,REG,19434.0
2027-05-01,A,Rack,REG,46261.0
2027-05-01,A,Eve Fuel,PREM,9136.0
2027-05-01,A,Johnny Pop,PREM,7426.0
2027-05-01,A,Branded Fuel,PREM,14467.0
2027-05-01,A,Unbranded Fuel,PREM,7886.0
2027-05-01,A,Rack,PREM,19835.0
2027-05-01,B,Eve Fuel,ULSD,25123.0
2027-05-01,B,Johnny Pop,ULSD,19902.0
2027-05-01,B,Branded Fuel,ULSD,39537.0
2027-05-01,B,Unbranded Fuel,ULSD,22159.0
2027-05-01,B,Rack,ULSD,55399.0
2027-05-01,B,Eve Fuel,REG,19823.0
2027-05-01,B,Johnny Pop,REG,15531.0
2027-05-01,B,Branded Fuel,REG,30762.0
2027-05-01,B,Unbranded Fuel,REG,17284.0
2027-05-01,B,Rack,REG,43248.0
2027-05-01,B,Eve Fuel,PREM,8043.0
2027-05-01,B,Johnny Pop,PREM,6686.0
2027-05-01,B,Branded Fuel,PREM,12730.0
2027-05-01,B,Unbranded Fuel,PREM,7658.0
2027-05-01,B,Rack,PREM,17955.0
2027-05-01,C,Eve Fuel,ULSD,30945.0
2027-05-01,C,Johnny Pop,ULSD,25125.0
2027-05-01,C,Branded Fuel,ULSD,51657.0
2027-05-01,C,Unbranded Fuel,ULSD,28457.0
2027-05-01,C,Rack,ULSD,72914.0
2027-05-01,C,Eve Fuel,REG,23538.0
2027-05-01,C,Johnny Pop,REG,20318.0
2027-05-01,C,Branded Fuel,REG,40239.0
2027-05-01,C,Unbranded Fuel,REG,22452.0
2027-05-01,C,Rack,REG,57780.0
2027-05-01,C,Eve Fuel,PREM,10212.0
2027-05-01,C,Johnny Pop,PREM,8846.0
2027-05-01,C,Branded Fuel,PREM,17641.0
2027-05-01,C,Unbranded Fuel,PREM,9327.0
2027-05-01,C,Rack,PREM,23260.0
2027-05-01,D,Eve Fuel,ULSD,21180.0
2027-05-01,D,Johnny Pop,ULSD,17392.0
2027-05-01,D,Branded Fuel,ULSD,31781.0
2027-05-01,D,Unbranded Fuel,ULSD,18217.0
2027-05-01,D,Rack,ULSD,45735.0
2027-05-01,D,Eve Fuel,REG,15419.0
2027-05-01,D,Johnny Pop,REG,12783.0
2027-05-01,D,Branded Fuel,REG,24791.0
2027-05-01,D,Unbranded Fuel,REG,14270.0
2027-05-01,D,Rack,REG,36478.0
2027-05-01,D,Eve Fuel,PREM,6813.0
2027-05-01,D,Johnny Pop,PREM,5792.0
2027-05-01,D,Branded Fuel,PREM,10440.0
2027-05-01,D,Unbranded Fuel,PREM,6332.0
2027-05-01,D,Rack,PREM,15276.0
2027-06-01,A,Eve Fuel,ULSD,26361.0
2027-06-01,A,Johnny Pop,ULSD,22037.0
2027-06-01,A,Branded Fuel,ULSD,40585.0
2027-06-01,A,Unbranded Fuel,ULSD,24275.0
2027-06-01,A,Rack,ULSD,60300.0
2027-06-01,A,Eve Fuel,REG,21209.0
2027-06-01,A,Johnny Pop,REG,17248.0
2027-06-01,A,Branded Fuel,REG,35699.0
2027-06-01,A,Unbranded Fuel,REG,18636.0
2027-06-01,A,Rack,REG,46743.0
2027-06-01,A,Eve Fuel,PREM,8635.0
2027-06-01,A,Johnny Pop,PREM,7080.0
2027-06-01,A,Branded Fuel,PREM,13732.0
2027-06-01,A,Unbranded Fuel,PREM,8285.0
2027-06-01,A,Rack,PREM,20852.0
2027-06-01,B,Eve Fuel,ULSD,23353.0
2027-06-01,B,Johnny Pop,ULSD,18955.0
2027-06-01,B,Branded Fuel,ULSD,38335.0
2027-06-01,B,Unbranded Fuel,ULSD,21242.0
2027-06-01,B,Rack,ULSD,55025.0
2027-06-01,B,Eve Fuel,REG,18925.0
2027-06-01,B,Johnny Pop,REG,14690.0
2027-06-01,B,Branded Fuel,REG,31314.0
2027-06-01,B,Unbranded Fuel,REG,18021.0
2027-06-01,B,Rack,REG,41964.0
2027-06-01,B,Eve Fuel,PREM,7828.0
2027-06-01,B,Johnny Pop,PREM,6536.0
2027-06-01,B,Branded Fuel,PREM,12726.0
2027-06-01,B,Unbranded Fuel,PREM,7342.0
2027-06-01,B,Rack,PREM,19086.0
2027-06-01,C,Eve Fuel,ULSD,30199.0
2027-06-01,C,Johnny Pop,ULSD,24245.0
2027-06-01,C,Branded Fuel,ULSD,46301.0
2027-06-01,C,Unbranded Fuel,ULSD,26995.0
2027-06-01,C,Rack,ULSD,68931.0
2027-06-01,C,Eve Fuel,REG,25329.0
2027-06-01,C,Johnny Pop,REG,19360.0
2027-06-01,C,Branded Fuel,REG,38494.0
2027-06-01,C,Unbranded Fuel,REG,21839.0
2027-06-01,C,Rack,REG,56572.0
2027-06-01,C,Eve Fuel,PREM,10887.0
2027-06-01,C,Johnny Pop,PREM,8148.0
2027-06-01,C,Branded Fuel,PREM,15864.0
2027-06-01,C,Unbranded Fuel,PREM,9488.0
2027-06-01,C,Rack,PREM,23471.0
2027-06-01,D,Eve Fuel,ULSD,20897.0
2027-06-01,D,Johnny Pop,ULSD,16484.0
2027-06-01,D,Branded Fuel,ULSD,31160.0
2027-06-01,D,Unbranded Fuel,ULSD,18319.0
2027-06-01,D,Rack,ULSD,46497.0
2027-06-01,D,Eve Fuel,REG,16061.0
2027-06-01,D,Johnny Pop,REG,13020.0
2027-06-01,D,Branded Fuel,REG,25736.0
2027-06-01,D,Unbranded Fuel,REG,14750.0
2027-06-01,D,Rack,REG,37102.0
2027-06-01,D,Eve Fuel,PREM,6728.0
2027-06-01,D,Johnny Pop,PREM,5373.0
2027-06-01,D,Branded Fuel,PREM,10546.0
2027-06-01,D,Unbranded Fuel,PREM,6217.0
2027-06-01,D,Rack,PREM,14632.0
2027-07-01,A,Eve Fuel,ULSD,26025.0
2027-07-01,A,Johnny Pop,ULSD,20811.0
2027-07-01,A,Branded Fuel,ULSD,40985.0
2027-07-01,A,Unbranded Fuel,ULSD,24297.0
2027-07-01,A,Rack,ULSD,58835.0
2027-07-01,A,Eve Fuel,REG,20406.0
2027-07-01,A,Johnny Pop,REG,15992.0
2027-07-01,A,Branded Fuel,REG,33145.0
2027-07-01,A,Unbranded Fuel,REG,18884.0
2027-07-01,A,Rack,REG,49318.0
2027-07-01,A,Eve Fuel,PREM,8501.0
2027-07-01,A,Johnny Pop,PREM,7066.0
2027-07-01,A,Branded Fuel,PREM,13752.0
2027-07-01,A,Unbranded Fuel,PREM,8169.0
2027-07-01,A,Rack,PREM,19444.0
2027-07-01,B,Eve Fuel,ULSD,23360.0
2027-07-01,B,Johnny Pop,ULSD,19300.0
2027-07-01,B,Branded Fuel,ULSD,37061.0
2027-07-01,B,Unbranded Fuel,ULSD,20778.0
2027-07-01,B,Rack,ULSD,52957.0
2027-07-01,B,Eve Fuel,REG,18930.0
2027-07-01,B,Johnny Pop,REG,14543.0
2027-07-01,B,Branded Fuel,REG,29293.0
2027-07-01,B,Unbranded Fuel,REG,16322.0
2027-07-01,B,Rack,REG,43176.0
2027-07-01,B,Eve Fuel,PREM,7369.0
2027-07-01,B,Johnny Pop,PREM,6212.0
2027-07-01,B,Branded Fuel,PREM,12424.0
2027-07-01,B,Unbranded Fuel,PREM,7350.0
2027-07-01,B,Rack,PREM,17515.0
2027-07-01,C,Eve Fuel,ULSD,29108.0
2027-07-01,C,Johnny Pop,ULSD,25586.0
2027-07-01,C,Branded Fuel,ULSD,45047.0
2027-07-01,C,Unbranded Fuel,ULSD,25135.0
2027-07-01,C,Rack,ULSD,68163.0
2027-07-01,C,Eve Fuel,REG,23081.0
2027-07-01,C,Johnny Pop,REG,18586.0
2027-07-01,C,Branded Fuel,REG,38074.0
2027-07-01,C,Unbranded Fuel,REG,21460.0
2027-07-01,C,Rack,REG,52358.0
2027-07-01,C,Eve Fuel,PREM,9488.0
2027-07-01,C,Johnny Pop,PREM,8284.0
2027-07-01,C,Branded Fuel,PREM,16004.0
2027-07-01,C,Unbranded Fuel,PREM,8943.0
2027-07-01,C,Rack,PREM,23667.0
2027-07-01,D,Eve Fuel,ULSD,18685.0
2027-07-01,D,Johnny Pop,ULSD,15072.0
2027-07-01,D,Branded Fuel,ULSD,30075.0
2027-07-01,D,Unbranded Fuel,ULSD,17526.0
2027-07-01,D,Rack,ULSD,44195.0
2027-07-01,D,Eve Fuel,REG,15173.0
2027-07-01,D,Johnny Pop,REG,12636.0
2027-07-01,D,Branded Fuel,REG,23401.0
2027-07-01,D,Unbranded Fuel,REG,14496.0
2027-07-01,D,Rack,REG,34649.0
2027-07-01,D,Eve Fuel,PREM,6651.0
2027-07-01,D,Johnny Pop,PREM,5319.0
2027-07-01,D,Branded Fuel,PREM,10378.0
2027-07-01,D,Unbranded Fuel,PREM,5950.0
2027-07-01,D,Rack,PREM,14821.0
2027-08-01,A,Eve Fuel,ULSD,25744.0
2027-08-01,A,Johnny Pop,ULSD,21489.0
2027-08-01,A,Branded Fuel,ULSD,40418.0
2027-08-01,A,Unbranded Fuel,ULSD,23449.0
2027-08-01,A,Rack,ULSD,57247.0
2027-08-01,A,Eve Fuel,REG,20859.0
2027-08-01,A,Johnny Pop,REG,16028.0
2027-08-01,A,Branded Fuel,REG,33529.0
2027-08-01,A,Unbranded Fuel,REG,18155.0
2027-08-01,A,Rack,REG,43493.0
2027-08-01,A,Eve Fuel,PREM,8451.0
2027-08-01,A,Johnny Pop,PREM,6747.0
2027-08-01,A,Branded Fuel,PREM,13732.0
2027-08-01,A,Unbranded Fuel,PREM,7504.0
2027-08-01,A,Rack,PREM,18878.0
2027-08-01,B,Eve Fuel,ULSD,21443.0
2027-08-01,B,Johnny Pop,ULSD,18346.0
2027-08-01,B,Branded Fuel,ULSD,33534.0
2027-08-01,B,Unbranded Fuel,ULSD,19683.0
2027-08-01,B,Rack,ULSD,52840.0
2027-08-01,B,Eve Fuel,REG,18420.0
2027-08-01,B,Johnny Pop,REG,14912.0
2027-08-01,B,Branded Fuel,REG,27799.0
2027-08-01,B,Unbranded Fuel,REG,16336.0
2027-08-01,B,Rack,REG,40894.0
2027-08-01,B,Eve Fuel,PREM,7314.0
2027-08-01,B,Johnny Pop,PREM,6479.0
2027-08-01,B,Branded Fuel,PREM,12372.0
2027-08-01,B,Unbranded Fuel,PREM,6843.0
2027-08-01,B,Rack,PREM,17234.0
2027-08-01,C,Eve Fuel,ULSD,29227.0
2027-08-01,C,Johnny Pop,ULSD,22309.0
2027-08-01,C,Branded Fuel,ULSD,45866.0
2027-08-01,C,Unbranded Fuel,ULSD,25865.0
2027-08-01,C,Rack,ULSD,64029.0
2027-08-01,C,Eve Fuel,REG,22800.0
2027-08-01,C,Johnny Pop,REG,19828.0
2027-08-01,C,Branded Fuel,REG,37285.0
2027-08-01,C,Unbranded Fuel,REG,20546.0
2027-08-01,C,Rack,REG,53157.0
2027-08-01,C,Eve Fuel,PREM,10088.0
2027-08-01,C,Johnny Pop,PREM,8141.0
2027-08-01,C,Branded Fuel,PREM,15430.0
2027-08-01,C,Unbranded Fuel,PREM,8631.0
2027-08-01,C,Rack,PREM,22465.0
2027-08-01,D,Eve Fuel,ULSD,19166.0
2027-08-01,D,Johnny Pop,ULSD,15915.0
2027-08-01,D,Branded Fuel,ULSD,30710.0
2027-08-01,D,Unbranded Fuel,ULSD,17763.0
2027-08-01,D,Rack,ULSD,42360.0
2027-08-01,D,Eve Fuel,REG,15589.0
2027-08-01,D,Johnny Pop,REG,12342.0
2027-08-01,D,Branded Fuel,REG,25343.0
2027-08-01,D,Unbranded Fuel,REG,13351.0
2027-08-01,D,Rack,REG,35857.0
2027-08-01,D,Eve Fuel,PREM,6352.0
2027-08-01,D,Johnny Pop,PREM,5065.0
2027-08-01,D,Branded Fuel,PREM,9900.0
2027-08-01,D,Unbranded Fuel,PREM,5685.0
2027-08-01,D,Rack,PREM,14533.0
2027-09-01,A,Eve Fuel,ULSD,25473.0
2027-09-01,A,Johnny Pop,ULSD,20167.0
2027-09-01,A,Branded Fuel,ULSD,39871.0
2027-09-01,A,Unbranded Fuel,ULSD,24265.0
2027-09-01,A,Rack,ULSD,59954.0
2027-09-01,A,Eve Fuel,REG,20115.0
2027-09-01,A,Johnny Pop,REG,16264.0
2027-09-01,A,Branded Fuel,REG,31701.0
2027-09-01,A,Unbranded Fuel,REG,18382.0
2027-09-01,A,Rack,REG,43740.0
2027-09-01,A,Eve Fuel,PREM,8295.0
2027-09-01,A,Johnny Pop,PREM,6498.0
2027-09-01,A,Branded Fuel,PREM,13459.0
2027-09-01,A,Unbranded Fuel,PREM,7748.0
2027-09-01,A,Rack,PREM,18725.0
2027-09-01,B,Eve Fuel,ULSD,23638.0
2027-09-01,B,Johnny Pop,ULSD,17789.0
2027-09-01,B,Branded Fuel,ULSD,34332.0
2027-09-01,B,Unbranded Fuel,ULSD,20658.0
2027-09-01,B,Rack,ULSD,52911.0
2027-09-01,B,Eve Fuel,REG,18772.0
2027-09-01,B,Johnny Pop,REG,14419.0
2027-09-01,B,Branded Fuel,REG,29349.0
2027-09-01,B,Unbranded Fuel,REG,16226.0
2027-09-01,B,Rack,REG,40402.0
2027-09-01,B,Eve Fuel,PREM,7723.0
2027-09-01,B,Johnny Pop,PREM,6276.0
2027-09-01,B,Branded Fuel,PREM,11404.0
2027-09-01,B,Unbranded Fuel,PREM,7143.0
2027-09-01,B,Rack,PREM,17808.0
2027-09-01,C,Eve Fuel,ULSD,28301.0
2027-09-01,C,Johnny Pop,ULSD,23878.0
2027-09-01,C,Branded Fuel,ULSD,46565.0
2027-09-01,C,Unbranded Fuel,ULSD,26425.0
2027-09-01,C,Rack,ULSD,64468.0
2027-09-01,C,Eve Fuel,REG,22373.0
2027-09-01,C,Johnny Pop,REG,18667.0
2027-09-01,C,Branded Fuel,REG,37604.0
2027-09-01,C,Unbranded Fuel,REG,21096.0
2027-09-01,C,Rack,REG,51317.0
2027-09-01,C,Eve Fuel,PREM,9837.0
2027-09-01,C,Johnny Pop,PREM,7194.0
2027-09-01,C,Branded Fuel,PREM,15822.0
2027-09-01,C,Unbranded Fuel,PREM,8284.0
2027-09-01,C,Rack,PREM,21612.0
2027-09-01,D,Eve Fuel,ULSD,18178.0
2027-09-01,D,Johnny Pop,ULSD,14792.0
2027-09-01,D,Branded Fuel,ULSD,30967.0
2027-09-01,D,Unbranded Fuel,ULSD,16860.0
2027-09-01,D,Rack,ULSD,43194.0
2027-09-01,D,Eve Fuel,REG,14870.0
2027-09-01,D,Johnny Pop,REG,12358.0
2027-09-01,D,Branded Fuel,REG,23745.0
2027-09-01,D,Unbranded Fuel,REG,13016.0
2027-09-01,D,Rack,REG,34855.0
2027-09-01,D,Eve Fuel,PREM,6177.0
2027-09-01,D,Johnny Pop,PREM,4890.0
2027-09-01,D,Branded Fuel,PREM,9847.0
2027-09-01,D,Unbranded Fuel,PREM,5957.0
2027-09-01,D,Rack,PREM,14613.0
2027-10-01,A,Eve Fuel,ULSD,24993.0
2027-10-01,A,Johnny Pop,ULSD,20448.0
2027-10-01,A,Branded Fuel,ULSD,39794.0
2027-10-01,A,Unbranded Fuel,ULSD,24391.0
2027-10-01,A,Rack,ULSD,58060.0
2027-10-01,A,Eve Fuel,REG,20253.0
2027-10-01,A,Johnny Pop,REG,16865.0
2027-10-01,A,Branded Fuel,REG,32038.0
2027-10-01,A,Unbranded Fuel,REG,18036.0
2027-10-01,A,Rack,REG,45176.0
2027-10-01,A,Eve Fuel,PREM,8401.0
2027-10-01,A,Johnny Pop,PREM,6881.0
2027-10-01,A,Branded Fuel,PREM,13686.0
2027-10-01,A,Unbranded Fuel,PREM,7666.0
2027-10-01,A,Rack,PREM,19555.0
2027-10-01,B,Eve Fuel,ULSD,22676.0
2027-10-01,B,Johnny Pop,ULSD,18642.0
2027-10-01,B,Branded Fuel,ULSD,33995.0
2027-10-01,B,Unbranded Fuel,ULSD,21233.0
2027-10-01,B,Rack,ULSD,52199.0
2027-10-01,B,Eve Fuel,REG,18534.0
2027-10-01,B,Johnny Pop,REG,13444.0
2027-10-01,B,Branded Fuel,REG,30423.0
2027-10-01,B,Unbranded Fuel,REG,16291.0
2027-10-01,B,Rack,REG,42259.0
2027-10-01,B,Eve Fuel,PREM,7341.0
2027-10-01,B,Johnny Pop,PREM,6313.0
2027-10-01,B,Branded Fuel,PREM,11673.0
2027-10-01,B,Unbranded Fuel,PREM,6759.0
2027-10-01,B,Rack,PREM,18209.0
2027-10-01,C,Eve Fuel,ULSD,28879.0
2027-10-01,C,Johnny Pop,ULSD,23919.0
2027-10-01,C,Branded Fuel,ULSD,47415.0
2027-10-01,C,Unbranded Fuel,ULSD,26798.0
2027-10-01,C,Rack,ULSD,66310.0
2027-10-01,C,Eve Fuel,REG,23246.0
2027-10-01,C,Johnny Pop,REG,20170.0
2027-10-01,C,Branded Fuel,REG,36519.0
2027-10-01,C,Unbranded Fuel,REG,21030.0
2027-10-01,C,Rack,REG,53907.0
2027-10-01,C,Eve Fuel,PREM,10003.0
2027-10-01,C,Johnny Pop,PREM,8204.0
2027-10-01,C,Branded Fuel,PREM,15698.0
2027-10-01,C,Unbranded Fuel,PREM,8500.0
2027-10-01,C,Rack,PREM,23082.0
2027-10-01,D,Eve Fuel,ULSD,18291.0
2027-10-01,D,Johnny Pop,ULSD,15639.0
2027-10-01,D,Branded Fuel,ULSD,29454.0
2027-10-01,D,Unbranded Fuel,ULSD,17187.0
2027-10-01,D,Rack,ULSD,43476.0
2027-10-01,D,Eve Fuel,REG,15141.0
2027-10-01,D,Johnny Pop,REG,12425.0
2027-10-01,D,Branded Fuel,REG,25013.0
2027-10-01,D,Unbranded Fuel,REG,13818.0
2027-10-01,D,Rack,REG,33833.0
2027-10-01,D,Eve Fuel,PREM,6497.0
2027-10-01,D,Johnny Pop,PREM,5351.0
2027-10-01,D,Branded Fuel,PREM,9675.0
2027-10-01,D,Unbranded Fuel,PREM,5843.0
2027-10-01,D,Rack,PREM,14652.0
2027-11-01,A,Eve Fuel,ULSD,25510.0
2027-11-01,A,Johnny Pop,ULSD,21929.0
2027-11-01,A,Branded Fuel,ULSD,40766.0
2027-11-01,A,Unbranded Fuel,ULSD,23488.0
2027-11-01,A,Rack,ULSD,58196.0
2027-11-01,A,Eve Fuel,REG,20387.0
2027-11-01,A,Johnny Pop,REG,16124.0
2027-11-01,A,Branded Fuel,REG,31018.0
2027-11-01,A,Unbranded Fuel,REG,19411.0
2027-11-01,A,Rack,REG,45136.0
2027-11-01,A,Eve Fuel,PREM,8325.0
2027-11-01,A,Johnny Pop,PREM,6566.0
2027-11-01,A,Branded Fuel,PREM,13388.0
2027-11-01,A,Unbranded Fuel,PREM,7490.0
2027-11-01,A,Rack,PREM,20461.0
2027-11-01,B,Eve Fuel,ULSD,23868.0
2027-11-01,B,Johnny Pop,ULSD,18563.0
2027-11-01,B,Branded Fuel,ULSD,39345.0
2027-11-01,B,Unbranded Fuel,ULSD,21680.0
2027-11-01,B,Rack,ULSD,52137.0
2027-11-01,B,Eve Fuel,REG,16965.0
2027-11-01,B,Johnny Pop,REG,16037.0
2027-11-01,B,Branded Fuel,REG,27961.0
2027-11-01,B,Unbranded Fuel,REG,15850.0
2027-11-01,B,Rack,REG,42960.0
2027-11-01,B,Eve Fuel,PREM,8287.0
2027-11-01,B,Johnny Pop,PREM,6580.0
2027-11-01,B,Branded Fuel,PREM,12493.0
2027-11-01,B,Unbranded Fuel,PREM,7145.0
2027-11-01,B,Rack,PREM,17999.0
2027-11-01,C,Eve Fuel,ULSD,30275.0
2027-11-01,C,Johnny Pop,ULSD,24423.0
2027-11-01,C,Branded Fuel,ULSD,47240.0
2027-11-01,C,Unbranded Fuel,ULSD,26859.0
2027-11-01,C,Rack,ULSD,65753.0
2027-11-01,C,Eve Fuel,REG,23237.0
2027-11-01,C,Johnny Pop,REG,18200.0
2027-11-01,C,Branded Fuel,REG,37172.0
2027-11-01,C,Unbranded Fuel,REG,20672.0
2027-11-01,C,Rack,REG,51496.0
2027-11-01,C,Eve Fuel,PREM,9920.0
2027-11-01,C,Johnny Pop,PREM,8410.0
2027-11-01,C,Branded Fuel,PREM,16130.0
2027-11-01,C,Unbranded Fuel,PREM,8547.0
2027-11-01,C,Rack,PREM,21759.0
2027-11-01,D,Eve Fuel,ULSD,19850.0
2027-11-01,D,Johnny Pop,ULSD,15329.0
2027-11-01,D,Branded Fuel,ULSD,30506.0
2027-11-01,D,Unbranded Fuel,ULSD,17840.0
2027-11-01,D,Rack,ULSD,42600.0
2027-11-01,D,Eve Fuel,REG,15331.0
2027-11-01,D,Johnny Pop,REG,12004.0
2027-11-01,D,Branded Fuel,REG,23875.0
2027-11-01,D,Unbranded Fuel,REG,14027.0
2027-11-01,D,Rack,REG,33074.0
2027-11-01,D,Eve Fuel,PREM,6520.0
2027-11-01,D,Johnny Pop,PREM,5262.0
2027-11-01,D,Branded Fuel,PREM,10407.0
2027-11-01,D,Unbranded Fuel,PREM,5889.0
2027-11-01,D,Rack,PREM,15224.0
2027-12-01,A,Eve Fuel,ULSD,26499.0
2027-12-01,A,Johnny Pop,ULSD,21322.0
2027-12-01,A,Branded Fuel,ULSD,42154.0
2027-12-01,A,Unbranded Fuel,ULSD,24391.0
2027-12-01,A,Rack,ULSD,60088.0
2027-12-01,A,Eve Fuel,REG,20925.0
2027-12-01,A,Johnny Pop,REG,16740.0
2027-12-01,A,Branded Fuel,REG,32589.0
2027-12-01,A,Unbranded Fuel,REG,18201.0
2027-12-01,A,Rack,REG,49993.0
2027-12-01,A,Eve Fuel,PREM,8472.0
2027-12-01,A,Johnny Pop,PREM,7050.0
2027-12-01,A,Branded Fuel,PREM,13698.0
2027-12-01,A,Unbranded Fuel,PREM,8215.0
2027-12-01,A,Rack,PREM,19823.0
2027-12-01,B,Eve Fuel,ULSD,24649.0
2027-12-01,B,Johnny Pop,ULSD,19047.0
2027-12-01,B,Branded Fuel,ULSD,38116.0
2027-12-01,B,Unbranded Fuel,ULSD,21059.0
2027-12-01,B,Rack,ULSD,57475.0
2027-12-01,B,Eve Fuel,REG,18140.0
2027-12-01,B,Johnny Pop,REG,15533.0
2027-12-01,B,Branded Fuel,REG,30494.0
2027-12-01,B,Unbranded Fuel,REG,17312.0
2027-12-01,B,Rack,REG,42512.0
2027-12-01,B,Eve Fuel,PREM,7889.0
2027-12-01,B,Johnny Pop,PREM,6489.0
2027-12-01,B,Branded Fuel,PREM,12544.0
2027-12-01,B,Unbranded Fuel,PREM,7408.0
2027-12-01,B,Rack,PREM,19194.0
2027-12-01,C,Eve Fuel,ULSD,29852.0
2027-12-01,C,Johnny Pop,ULSD,23819.0
2027-12-01,C,Branded Fuel,ULSD,48172.0
2027-12-01,C,Unbranded Fuel,ULSD,29736.0
2027-12-01,C,Rack,ULSD,67336.0
2027-12-01,C,Eve Fuel,REG,25217.0
2027-12-01,C,Johnny Pop,REG,20655.0
2027-12-01,C,Branded Fuel,REG,37602.0
2027-12-01,C,Unbranded Fuel,REG,22223.0
2027-12-01,C,Rack,REG,57294.0
2027-12-01,C,Eve Fuel,PREM,10005.0
2027-12-01,C,Johnny Pop,PREM,8229.0
2027-12-01,C,Branded Fuel,PREM,15819.0
2027-12-01,C,Unbranded Fuel,PREM,8920.0
2027-12-01,C,Rack,PREM,22552.0
2027-12-01,D,Eve Fuel,ULSD,19073.0
2027-12-01,D,Johnny Pop,ULSD,16217.0
2027-12-01,D,Branded Fuel,ULSD,30772.0
2027-12-01,D,Unbranded Fuel,ULSD,18126.0
2027-12-01,D,Rack,ULSD,42900.0
2027-12-01,D,Eve Fuel,REG,15831.0
2027-12-01,D,Johnny Pop,REG,13146.0
2027-12-01,D,Branded Fuel,REG,23446.0
2027-12-01,D,Unbranded Fuel,REG,14410.0
2027-12-01,D,Rack,REG,36937.0
2027-12-01,D,Eve Fuel,PREM,6360.0
2027-12-01,D,Johnny Pop,PREM,5671.0
2027-12-01,D,Branded Fuel,PREM,10632.0
2027-12-01,D,Unbranded Fuel,PREM,5873.0
2027-12-01,D,Rack,PREM,14975.0
2028-01-01,A,Eve Fuel,ULSD,27513.0
2028-01-01,A,Johnny Pop,ULSD,22190.0
2028-01-01,A,Branded Fuel,ULSD,43746.0
2028-01-01,A,Unbranded Fuel,ULSD,23921.0
2028-01-01,A,Rack,ULSD,61812.0
2028-01-01,A,Eve Fuel,REG,20514.0
2028-01-01,A,Johnny Pop,REG,17469.0
2028-01-01,A,Branded Fuel,REG,33157.0
2028-01-01,A,Unbranded Fuel,REG,19045.0
2028-01-01,A,Rack,REG,50493.0
2028-01-01,A,Eve Fuel,PREM,9315.0
2028-01-01,A,Johnny Pop,PREM,7515.0
2028-01-01,A,Branded Fuel,PREM,13880.0
2028-01-01,A,Unbranded Fuel,PREM,8122.0
2028-01-01,A,Rack,PREM,21246.0
2028-01-01,B,Eve Fuel,ULSD,24458.0
2028-01-01,B,Johnny Pop,ULSD,21312.0
2028-01-01,B,Branded Fuel,ULSD,39202.0
2028-01-01,B,Unbranded Fuel,ULSD,22268.0
2028-01-01,B,Rack,ULSD,54837.0
2028-01-01,B,Eve Fuel,REG,19357.0
2028-01-01,B,Johnny Pop,REG,15703.0
2028-01-01,B,Branded Fuel,REG,31325.0
2028-01-01,B,Unbranded Fuel,REG,18031.0
2028-01-01,B,Rack,REG,42786.0
2028-01-01,B,Eve Fuel,PREM,7794.0
2028-01-01,B,Johnny Pop,PREM,6276.0
2028-01-01,B,Branded Fuel,PREM,13112.0
2028-01-01,B,Unbranded Fuel,PREM,7136.0
2028-01-01,B,Rack,PREM,17258.0
2028-01-01,C,Eve Fuel,ULSD,31482.0
2028-01-01,C,Johnny Pop,ULSD,27365.0
2028-01-01,C,Branded Fuel,ULSD,49498.0
2028-01-01,C,Unbranded Fuel,ULSD,29002.0
2028-01-01,C,Rack,ULSD,70899.0
2028-01-01,C,Eve Fuel,REG,24563.0
2028-01-01,C,Johnny Pop,REG,20712.0
2028-01-01,C,Branded Fuel,REG,38852.0
2028-01-01,C,Unbranded Fuel,REG,22576.0
2028-01-01,C,Rack,REG,56531.0
2028-01-01,C,Eve Fuel,PREM,10165.0
2028-01-01,C,Johnny Pop,PREM,8740.0
2028-01-01,C,Branded Fuel,PREM,16416.0
2028-01-01,C,Unbranded Fuel,PREM,9216.0
2028-01-01,C,Rack,PREM,23954.0
2028-01-01,D,Eve Fuel,ULSD,19748.0
2028-01-01,D,Johnny Pop,ULSD,16619.0
2028-01-01,D,Branded Fuel,ULSD,32279.0
2028-01-01,D,Unbranded Fuel,ULSD,19051.0
2028-01-01,D,Rack,ULSD,46782.0
2028-01-01,D,Eve Fuel,REG,16055.0
2028-01-01,D,Johnny Pop,REG,13468.0
2028-01-01,D,Branded Fuel,REG,26627.0
2028-01-01,D,Unbranded Fuel,REG,14851.0
2028-01-01,D,Rack,REG,36527.0
2028-01-01,D,Eve Fuel,PREM,6499.0
2028-01-01,D,Johnny Pop,PREM,5358.0
2028-01-01,D,Branded Fuel,PREM,10664.0
2028-01-01,D,Unbranded Fuel,PREM,6038.0
2028-01-01,D,Rack,PREM,15289.0
2028-02-01,A,Eve Fuel,ULSD,27590.0
2028-02-01,A,Johnny Pop,ULSD,22893.0
2028-02-01,A,Branded Fuel,ULSD,43726.0
2028-02-01,A,Unbranded Fuel,ULSD,25405.0
2028-02-01,A,Rack,ULSD,62719.0
2028-02-01,A,Eve Fuel,REG,20513.0
2028-02-01,A,Johnny Pop,REG,17338.0
2028-02-01,A,Branded Fuel,REG,34540.0
2028-02-01,A,Unbranded Fuel,REG,19103.0
2028-02-01,A,Rack,REG,50449.0
2028-02-01,A,Eve Fuel,PREM,9603.0
2028-02-01,A,Johnny Pop,PREM,7786.0
2028-02-01,A,Branded Fuel,PREM,14513.0
2028-02-01,A,Unbranded Fuel,PREM,8720.0
2028-02-01,A,Rack,PREM,20959.0
2028-02-01,B,Eve Fuel,ULSD,24538.0
2028-02-01,B,Johnny Pop,ULSD,19909.0
2028-02-01,B,Branded Fuel,ULSD,39079.0
2028-02-01,B,Unbranded Fuel,ULSD,22273.0
2028-02-01,B,Rack,ULSD,56626.0
2028-02-01,B,Eve Fuel,REG,19719.0
2028-02-01,B,Johnny Pop,REG,16058.0
2028-02-01,B,Branded Fuel,REG,31630.0
2028-02-01,B,Unbranded Fuel,REG,18478.0
2028-02-01,B,Rack,REG,45872.0
2028-02-01,B,Eve Fuel,PREM,7895.0
2028-02-01,B,Johnny Pop,PREM,6243.0
2028-02-01,B,Branded Fuel,PREM,13514.0
2028-02-01,B,Unbranded Fuel,PREM,7204.0
2028-02-01,B,Rack,PREM,18653.0
2028-02-01,C,Eve Fuel,ULSD,30563.0
2028-02-01,C,Johnny Pop,ULSD,24515.0
2028-02-01,C,Branded Fuel,ULSD,51210.0
2028-02-01,C,Unbranded Fuel,ULSD,29451.0
2028-02-01,C,Rack,ULSD,70743.0
2028-02-01,C,Eve Fuel,REG,23127.0
2028-02-01,C,Johnny Pop,REG,20180.0
2028-02-01,C,Branded Fuel,REG,40362.0
2028-02-01,C,Unbranded Fuel,REG,21785.0
2028-02-01,C,Rack,REG,57304.0
2028-02-01,C,Eve Fuel,PREM,10553.0
2028-02-01,C,Johnny Pop,PREM,8789.0
2028-02-01,C,Branded Fuel,PREM,16857.0
2028-02-01,C,Unbranded Fuel,PREM,9318.0
2028-02-01,C,Rack,PREM,24857.0
2028-02-01,D,Eve Fuel,ULSD,20559.0
2028-02-01,D,Johnny Pop,ULSD,16888.0
2028-02-01,D,Branded Fuel,ULSD,31944.0
2028-02-01,D,Unbranded Fuel,ULSD,18530.0
2028-02-01,D,Rack,ULSD,45702.0
2028-02-01,D,Eve Fuel,REG,16269.0
2028-02-01,D,Johnny Pop,REG,14067.0
2028-02-01,D,Branded Fuel,REG,24947.0
2028-02-01,D,Unbranded Fuel,REG,14147.0
2028-02-01,D,Rack,REG,38808.0
2028-02-01,D,Eve Fuel,PREM,6843.0
2028-02-01,D,Johnny Pop,PREM,5521.0
2028-02-01,D,Branded Fuel,PREM,11296.0
2028-02-01,D,Unbranded Fuel,PREM,6146.0
2028-02-01,D,Rack,PREM,16507.0
2028-03-01,A,Eve Fuel,ULSD,28284.0
2028-03-01,A,Johnny Pop,ULSD,22348.0
2028-03-01,A,Branded Fuel,ULSD,46954.0
2028-03-01,A,Unbranded Fuel,ULSD,24742.0
2028-03-01,A,Rack,ULSD,64403.0
2028-03-01,A,Eve Fuel,REG,22142.0
2028-03-01,A,Johnny Pop,REG,18656.0
2028-03-01,A,Branded Fuel,REG,36548.0
2028-03-01,A,Unbranded Fuel,REG,19969.0
2028-03-01,A,Rack,REG,48748.0
2028-03-01,A,Eve Fuel,PREM,9368.0
2028-03-01,A,Johnny Pop,PREM,7406.0
2028-03-01,A,Branded Fuel,PREM,15588.0
2028-03-01,A,Unbranded Fuel,PREM,8434.0
2028-03-01,A,Rack,PREM,20770.0
2028-03-01,B,Eve Fuel,ULSD,25086.0
2028-03-01,B,Johnny Pop,ULSD,19587.0
2028-03-01,B,Branded Fuel,ULSD,38533.0
2028-03-01,B,Unbranded Fuel,ULSD,23497.0
2028-03-01,B,Rack,ULSD,55583.0
2028-03-01,B,Eve Fuel,REG,19130.0
2028-03-01,B,Johnny Pop,REG,16420.0
2028-03-01,B,Branded Fuel,REG,32539.0
2028-03-01,B,Unbranded Fuel,REG,18342.0
2028-03-01,B,Rack,REG,46229.0
2028-03-01,B,Eve Fuel,PREM,8127.0
2028-03-01,B,Johnny Pop,PREM,6514.0
2028-03-01,B,Branded Fuel,PREM,13826.0
2028-03-01,B,Unbranded Fuel,PREM,7487.0
2028-03-01,B,Rack,PREM,18758.0
2028-03-01,C,Eve Fuel,ULSD,33148.0
2028-03-01,C,Johnny Pop,ULSD,26517.0
2028-03-01,C,Branded Fuel,ULSD,51409.0
2028-03-01,C,Unbranded Fuel,ULSD,30862.0
2028-03-01,C,Rack,ULSD,71051.0
2028-03-01,C,Eve Fuel,REG,25939.0
2028-03-01,C,Johnny Pop,REG,20684.0
2028-03-01,C,Branded Fuel,REG,40473.0
2028-03-01,C,Unbranded Fuel,REG,23995.0
2028-03-01,C,Rack,REG,58230.0
2028-03-01,C,Eve Fuel,PREM,10798.0
2028-03-01,C,Johnny Pop,PREM,8974.0
2028-03-01,C,Branded Fuel,PREM,16720.0
2028-03-01,C,Unbranded Fuel,PREM,9417.0
2028-03-01,C,Rack,PREM,23393.0
2028-03-01,D,Eve Fuel,ULSD,19564.0
2028-03-01,D,Johnny Pop,ULSD,18059.0
2028-03-01,D,Branded Fuel,ULSD,31980.0
2028-03-01,D,Unbranded Fuel,ULSD,18775.0
2028-03-01,D,Rack,ULSD,46858.0
2028-03-01,D,Eve Fuel,REG,16611.0
2028-03-01,D,Johnny Pop,REG,13796.0
2028-03-01,D,Branded Fuel,REG,26860.0
2028-03-01,D,Unbranded Fuel,REG,14701.0
2028-03-01,D,Rack,REG,37219.0
2028-03-01,D,Eve Fuel,PREM,6989.0
2028-03-01,D,Johnny Pop,PREM,5628.0
2028-03-01,D,Branded Fuel,PREM,11557.0
2028-03-01,D,Unbranded Fuel,PREM,6393.0
2028-03-01,D,Rack,PREM,16097.0
2028-04-01,A,Eve Fuel,ULSD,28091.0
2028-04-01,A,Johnny Pop,ULSD,23329.0
2028-04-01,A,Branded Fuel,ULSD,44057.0
2028-04-01,A,Unbranded Fuel,ULSD,24065.0
2028-04-01,A,Rack,ULSD,63349.0
2028-04-01,A,Eve Fuel,REG,21379.0
2028-04-01,A,Johnny Pop,REG,17558.0
2028-04-01,A,Branded Fuel,REG,35300.0
2028-04-01,A,Unbranded Fuel,REG,20559.0
2028-04-01,A,Rack,REG,49588.0
2028-04-01,A,Eve Fuel,PREM,9266.0
2028-04-01,A,Johnny Pop,PREM,7895.0
2028-04-01,A,Branded Fuel,PREM,14712.0
2028-04-01,A,Unbranded Fuel,PREM,8998.0
2028-04-01,A,Rack,PREM,21220.0
2028-04-01,B,Eve Fuel,ULSD,23479.0
2028-04-01,B,Johnny Pop,ULSD,20740.0
2028-04-01,B,Branded Fuel,ULSD,39888.0
2028-04-01,B,Unbranded Fuel,ULSD,23407.0
2028-04-01,B,Rack,ULSD,57476.0
2028-04-01,B,Eve Fuel,REG,19543.0
2028-04-01,B,Johnny Pop,REG,15467.0
2028-04-01,B,Branded Fuel,REG,31025.0
2028-04-01,B,Unbranded Fuel,REG,17385.0
2028-04-01,B,Rack,REG,43824.0
2028-04-01,B,Eve Fuel,PREM,8409.0
2028-04-01,B,Johnny Pop,PREM,7099.0
2028-04-01,B,Branded Fuel,PREM,13301.0
2028-04-01,B,Unbranded Fuel,PREM,7242.0
2028-04-01,B,Rack,PREM,19030.0
2028-04-01,C,Eve Fuel,ULSD,32812.0
2028-04-01,C,Johnny Pop,ULSD,25442.0
2028-04-01,C,Branded Fuel,ULSD,50189.0
2028-04-01,C,Unbranded Fuel,ULSD,28808.0
2028-04-01,C,Rack,ULSD,70293.0
2028-04-01,C,Eve Fuel,REG,25563.0
2028-04-01,C,Johnny Pop,REG,20442.0
2028-04-01,C,Branded Fuel,REG,40395.0
2028-04-01,C,Unbranded Fuel,REG,22189.0
2028-04-01,C,Rack,REG,56242.0
2028-04-01,C,Eve Fuel,PREM,10787.0
2028-04-01,C,Johnny Pop,PREM,8542.0
2028-04-01,C,Branded Fuel,PREM,17667.0
2028-04-01,C,Unbranded Fuel,PREM,9483.0
2028-04-01,C,Rack,PREM,24158.0
2028-04-01,D,Eve Fuel,ULSD,21235.0
2028-04-01,D,Johnny Pop,ULSD,16182.0
2028-04-01,D,Branded Fuel,ULSD,31128.0
2028-04-01,D,Unbranded Fuel,ULSD,17920.0
2028-04-01,D,Rack,ULSD,48727.0
2028-04-01,D,Eve Fuel,REG,16083.0
2028-04-01,D,Johnny Pop,REG,14407.0
2028-04-01,D,Branded Fuel,REG,25577.0
2028-04-01,D,Unbranded Fuel,REG,14949.0
2028-04-01,D,Rack,REG,38887.0
2028-04-01,D,Eve Fuel,PREM,7300.0
2028-04-01,D,Johnny Pop,PREM,5982.0
2028-04-01,D,Branded Fuel,PREM,11352.0
2028-04-01,D,Unbranded Fuel,PREM,6452.0
2028-04-01,D,Rack,PREM,15928.0
2028-05-01,A,Eve Fuel,ULSD,27692.0
2028-05-01,A,Johnny Pop,ULSD,21774.0
2028-05-01,A,Branded Fuel,ULSD,41993.0
2028-05-01,A,Unbranded Fuel,ULSD,24598.0
2028-05-01,A,Rack,ULSD,61186.0
2028-05-01,A,Eve Fuel,REG,21131.0
2028-05-01,A,Johnny Pop,REG,17894.0
2028-05-01,A,Branded Fuel,REG,35058.0
2028-05-01,A,Unbranded Fuel,REG,19527.0
2028-05-01,A,Rack,REG,50846.0
2028-05-01,A,Eve Fuel,PREM,8711.0
2028-05-01,A,Johnny Pop,PREM,7337.0
2028-05-01,A,Branded Fuel,PREM,14041.0
2028-05-01,A,Unbranded Fuel,PREM,7741.0
2028-05-01,A,Rack,PREM,20449.0
2028-05-01,B,Eve Fuel,ULSD,24265.0
2028-05-01,B,Johnny Pop,ULSD,20831.0
2028-05-01,B,Branded Fuel,ULSD,39478.0
2028-05-01,B,Unbranded Fuel,ULSD,21460.0
2028-05-01,B,Rack,ULSD,58429.0
2028-05-01,B,Eve Fuel,REG,19987.0
2028-05-01,B,Johnny Pop,REG,16050.0
2028-05-01,B,Branded Fuel,REG,30465.0
2028-05-01,B,Unbranded Fuel,REG,17023.0
2028-05-01,B,Rack,REG,43329.0
2028-05-01,B,Eve Fuel,PREM,8383.0
2028-05-01,B,Johnny Pop,PREM,7018.0
2028-05-01,B,Branded Fuel,PREM,13513.0
2028-05-01,B,Unbranded Fuel,PREM,7272.0
2028-05-01,B,Rack,PREM,17830.0
2028-05-01,C,Eve Fuel,ULSD,31251.0
2028-05-01,C,Johnny Pop,ULSD,24110.0
2028-05-01,C,Branded Fuel,ULSD,49987.0
2028-05-01,C,Unbranded Fuel,ULSD,28165.0
2028-05-01,C,Rack,ULSD,69736.0
2028-05-01,C,Eve Fuel,REG,23457.0
2028-05-01,C,Johnny Pop,REG,20467.0
2028-05-01,C,Branded Fuel,REG,38567.0
2028-05-01,C,Unbranded Fuel,REG,21610.0
2028-05-01,C,Rack,REG,51166.0
2028-05-01,C,Eve Fuel,PREM,10364.0
2028-05-01,C,Johnny Pop,PREM,8938.0
2028-05-01,C,Branded Fuel,PREM,17325.0
2028-05-01,C,Unbranded Fuel,PREM,9301.0
2028-05-01,C,Rack,PREM,23149.0
2028-05-01,D,Eve Fuel,ULSD,20580.0
2028-05-01,D,Johnny Pop,ULSD,16108.0
2028-05-01,D,Branded Fuel,ULSD,32580.0
2028-05-01,D,Unbranded Fuel,ULSD,18874.0
2028-05-01,D,Rack,ULSD,47823.0
2028-05-01,D,Eve Fuel,REG,16019.0
2028-05-01,D,Johnny Pop,REG,13065.0
2028-05-01,D,Branded Fuel,REG,24888.0
2028-05-01,D,Unbranded Fuel,REG,14244.0
2028-05-01,D,Rack,REG,36268.0
2028-05-01,D,Eve Fuel,PREM,6840.0
2028-05-01,D,Johnny Pop,PREM,5687.0
2028-05-01,D,Branded Fuel,PREM,10503.0
2028-05-01,D,Unbranded Fuel,PREM,6425.0
2028-05-01,D,Rack,PREM,15250.0
2028-06-01,A,Eve Fuel,ULSD,26383.0
2028-06-01,A,Johnny Pop,ULSD,21116.0
2028-06-01,A,Branded Fuel,ULSD,38945.0
2028-06-01,A,Unbranded Fuel,ULSD,24637.0
2028-06-01,A,Rack,ULSD,61326.0
2028-06-01,A,Eve Fuel,REG,20724.0
2028-06-01,A,Johnny Pop,REG,17134.0
2028-06-01,A,Branded Fuel,REG,33765.0
2028-06-01,A,Unbranded Fuel,REG,18109.0
2028-06-01,A,Rack,REG,46746.0
2028-06-01,A,Eve Fuel,PREM,9010.0
2028-06-01,A,Johnny Pop,PREM,6929.0
2028-06-01,A,Branded Fuel,PREM,14123.0
2028-06-01,A,Unbranded Fuel,PREM,7674.0
2028-06-01,A,Rack,PREM,20280.0
2028-06-01,B,Eve Fuel,ULSD,23735.0
2028-06-01,B,Johnny Pop,ULSD,18498.0
2028-06-01,B,Branded Fuel,ULSD,39121.0
2028-06-01,B,Unbranded Fuel,ULSD,21124.0
2028-06-01,B,Rack,ULSD,52687.0
2028-06-01,B,Eve Fuel,REG,18923.0
2028-06-01,B,Johnny Pop,REG,15920.0
2028-06-01,B,Branded Fuel,REG,29013.0
2028-06-01,B,Unbranded Fuel,REG,17132.0
2028-06-01,B,Rack,REG,43300.0
2028-06-01,B,Eve Fuel,PREM,8085.0
2028-06-01,B,Johnny Pop,PREM,6514.0
2028-06-01,B,Branded Fuel,PREM,12461.0
2028-06-01,B,Unbranded Fuel,PREM,7021.0
2028-06-01,B,Rack,PREM,18047.0
2028-06-01,C,Eve Fuel,ULSD,29383.0
2028-06-01,C,Johnny Pop,ULSD,22663.0
2028-06-01,C,Branded Fuel,ULSD,48933.0
2028-06-01,C,Unbranded Fuel,ULSD,28348.0
2028-06-01,C,Rack,ULSD,64109.0
2028-06-01,C,Eve Fuel,REG,23307.0
2028-06-01,C,Johnny Pop,REG,20030.0
2028-06-01,C,Branded Fuel,REG,40598.0
2028-06-01,C,Unbranded Fuel,REG,21864.0
2028-06-01,C,Rack,REG,53432.0
2028-06-01,C,Eve Fuel,PREM,10064.0
2028-06-01,C,Johnny Pop,PREM,8622.0
2028-06-01,C,Branded Fuel,PREM,15788.0
2028-06-01,C,Unbranded Fuel,PREM,8979.0
2028-06-01,C,Rack,PREM,22667.0
2028-06-01,D,Eve Fuel,ULSD,19234.0
2028-06-01,D,Johnny Pop,ULSD,16260.0
2028-06-01,D,Branded Fuel,ULSD,33035.0
2028-06-01,D,Unbranded Fuel,ULSD,18174.0
2028-06-01,D,Rack,ULSD,44659.0
2028-06-01,D,Eve Fuel,REG,15538.0
2028-06-01,D,Johnny Pop,REG,12224.0
2028-06-01,D,Branded Fuel,REG,25598.0
2028-06-01,D,Unbranded Fuel,REG,14217.0
2028-06-01,D,Rack,REG,35432.0
2028-06-01,D,Eve Fuel,PREM,7232.0
2028-06-01,D,Johnny Pop,PREM,5448.0
2028-06-01,D,Branded Fuel,PREM,10263.0
2028-06-01,D,Unbranded Fuel,PREM,5923.0
2028-06-01,D,Rack,PREM,15517.0
2028-07-01,A,Eve Fuel,ULSD,25827.0
2028-07-01,A,Johnny Pop,ULSD,20151.0
2028-07-01,A,Branded Fuel,ULSD,42079.0
2028-07-01,A,Unbranded Fuel,ULSD,22931.0
2028-07-01,A,Rack,ULSD,61788.0
2028-07-01,A,Eve Fuel,REG,21038.0
2028-07-01,A,Johnny Pop,REG,16449.0
2028-07-01,A,Branded Fuel,REG,33665.0
2028-07-01,A,Unbranded Fuel,REG,18563.0
2028-07-01,A,Rack,REG,47497.0
2028-07-01,A,Eve Fuel,PREM,8705.0
2028-07-01,A,Johnny Pop,PREM,6842.0
2028-07-01,A,Branded Fuel,PREM,13386.0
2028-07-01,A,Unbranded Fuel,PREM,8041.0
2028-07-01,A,Rack,PREM,19304.0
2028-07-01,B,Eve Fuel,ULSD,22885.0
2028-07-01,B,Johnny Pop,ULSD,18411.0
2028-07-01,B,Branded Fuel,ULSD,37323.0
2028-07-01,B,Unbranded Fuel,ULSD,22363.0
2028-07-01,B,Rack,ULSD,50964.0
2028-07-01,B,Eve Fuel,REG,18353.0
2028-07-01,B,Johnny Pop,REG,15641.0
2028-07-01,B,Branded Fuel,REG,29107.0
2028-07-01,B,Unbranded Fuel,REG,16899.0
2028-07-01,B,Rack,REG,40353.0
2028-07-01,B,Eve Fuel,PREM,7821.0
2028-07-01,B,Johnny Pop,PREM,6283.0
2028-07-01,B,Branded Fuel,PREM,12648.0
2028-07-01,B,Unbranded Fuel,PREM,7270.0
2028-07-01,B,Rack,PREM,18913.0
2028-07-01,C,Eve Fuel,ULSD,30116.0
2028-07-01,C,Johnny Pop,ULSD,24456.0
2028-07-01,C,Branded Fuel,ULSD,47367.0
2028-07-01,C,Unbranded Fuel,ULSD,26625.0
2028-07-01,C,Rack,ULSD,67958.0
2028-07-01,C,Eve Fuel,REG,23226.0
2028-07-01,C,Johnny Pop,REG,19270.0
2028-07-01,C,Branded Fuel,REG,38755.0
2028-07-01,C,Unbranded Fuel,REG,20660.0
2028-07-01,C,Rack,REG,55081.0
2028-07-01,C,Eve Fuel,PREM,10257.0
2028-07-01,C,Johnny Pop,PREM,8044.0
2028-07-01,C,Branded Fuel,PREM,14698.0
2028-07-01,C,Unbranded Fuel,PREM,8806.0
2028-07-01,C,Rack,PREM,23298.0
2028-07-01,D,Eve Fuel,ULSD,19292.0
2028-07-01,D,Johnny Pop,ULSD,15321.0
2028-07-01,D,Branded Fuel,ULSD,30247.0
2028-07-01,D,Unbranded Fuel,ULSD,17993.0
2028-07-01,D,Rack,ULSD,44595.0
2028-07-01,D,Eve Fuel,REG,15174.0
2028-07-01,D,Johnny Pop,REG,12367.0
2028-07-01,D,Branded Fuel,REG,24028.0
2028-07-01,D,Unbranded Fuel,REG,13509.0
2028-07-01,D,Rack,REG,36418.0
2028-07-01,D,Eve Fuel,PREM,6373.0
2028-07-01,D,Johnny Pop,PREM,5457.0
2028-07-01,D,Branded Fuel,PREM,10705.0
2028-07-01,D,Unbranded Fuel,PREM,6025.0
2028-07-01,D,Rack,PREM,14436.0
2028-08-01,A,Eve Fuel,ULSD,25563.0
2028-08-01,A,Johnny Pop,ULSD,20650.0
2028-08-01,A,Branded Fuel,ULSD,39092.0
2028-08-01,A,Unbranded Fuel,ULSD,23184.0
2028-08-01,A,Rack,ULSD,55372.0
2028-08-01,A,Eve Fuel,REG,20707.0
2028-08-01,A,Johnny Pop,REG,16132.0
2028-08-01,A,Branded Fuel,REG,32002.0
2028-08-01,A,Unbranded Fuel,REG,18332.0
2028-08-01,A,Rack,REG,45090.0
2028-08-01,A,Eve Fuel,PREM,8567.0
2028-08-01,A,Johnny Pop,PREM,6790.0
2028-08-01,A,Branded Fuel,PREM,13744.0
2028-08-01,A,Unbranded Fuel,PREM,7345.0
2028-08-01,A,Rack,PREM,19207.0
2028-08-01,B,Eve Fuel,ULSD,24053.0
2028-08-01,B,Johnny Pop,ULSD,18040.0
2028-08-01,B,Branded Fuel,ULSD,35428.0
2028-08-01,B,Unbranded Fuel,ULSD,20983.0
2028-08-01,B,Rack,ULSD,51940.0
2028-08-01,B,Eve Fuel,REG,18185.0
2028-08-01,B,Johnny Pop,REG,14940.0
2028-08-01,B,Branded Fuel,REG,29174.0
2028-08-01,B,Unbranded Fuel,REG,16904.0
2028-08-01,B,Rack,REG,41402.0
2028-08-01,B,Eve Fuel,PREM,7522.0
2028-08-01,B,Johnny Pop,PREM,6324.0
2028-08-01,B,Branded Fuel,PREM,12741.0
2028-08-01,B,Unbranded Fuel,PREM,6861.0
2028-08-01,B,Rack,PREM,16717.0
2028-08-01,C,Eve Fuel,ULSD,30010.0
2028-08-01,C,Johnny Pop,ULSD,23679.0
2028-08-01,C,Branded Fuel,ULSD,43197.0
2028-08-01,C,Unbranded Fuel,ULSD,27076.0
2028-08-01,C,Rack,ULSD,64952.0
2028-08-01,C,Eve Fuel,REG,22932.0
2028-08-01,C,Johnny Pop,REG,19001.0
2028-08-01,C,Branded Fuel,REG,36791.0
2028-08-01,C,Unbranded Fuel,REG,21349.0
2028-08-01,C,Rack,REG,51577.0
2028-08-01,C,Eve Fuel,PREM,9831.0
2028-08-01,C,Johnny Pop,PREM,7860.0
2028-08-01,C,Branded Fuel,PREM,15744.0
2028-08-01,C,Unbranded Fuel,PREM,8964.0
2028-08-01,C,Rack,PREM,21387.0
2028-08-01,D,Eve Fuel,ULSD,19560.0
2028-08-01,D,Johnny Pop,ULSD,15249.0
2028-08-01,D,Branded Fuel,ULSD,30867.0
2028-08-01,D,Unbranded Fuel,ULSD,17410.0
2028-08-01,D,Rack,ULSD,45426.0
2028-08-01,D,Eve Fuel,REG,14896.0
2028-08-01,D,Johnny Pop,REG,12141.0
2028-08-01,D,Branded Fuel,REG,23844.0
2028-08-01,D,Unbranded Fuel,REG,13509.0
2028-08-01,D,Rack,REG,34900.0
2028-08-01,D,Eve Fuel,PREM,6008.0
2028-08-01,D,Johnny Pop,PREM,5003.0
2028-08-01,D,Branded Fuel,PREM,9724.0
2028-08-01,D,Unbranded Fuel,PREM,5904.0
2028-08-01,D,Rack,PREM,15087.0
2028-09-01,A,Eve Fuel,ULSD,25001.0
2028-09-01,A,Johnny Pop,ULSD,20416.0
2028-09-01,A,Branded Fuel,ULSD,39984.0
2028-09-01,A,Unbranded Fuel,ULSD,23595.0
2028-09-01,A,Rack,ULSD,55414.0
2028-09-01,A,Eve Fuel,REG,19997.0
2028-09-01,A,Johnny Pop,REG,16720.0
2028-09-01,A,Branded Fuel,REG,32062.0
2028-09-01,A,Unbranded Fuel,REG,18153.0
2028-09-01,A,Rack,REG,46480.0
2028-09-01,A,Eve Fuel,PREM,7682.0
2028-09-01,A,Johnny Pop,PREM,6979.0
2028-09-01,A,Branded Fuel,PREM,13039.0
2028-09-01,A,Unbranded Fuel,PREM,7183.0
2028-09-01,A,Rack,PREM,19291.0
2028-09-01,B,Eve Fuel,ULSD,23502.0
2028-09-01,B,Johnny Pop,ULSD,18392.0
2028-09-01,B,Branded Fuel,ULSD,36937.0
2028-09-01,B,Unbranded Fuel,ULSD,21513.0
2028-09-01,B,Rack,ULSD,53324.0
2028-09-01,B,Eve Fuel,REG,18749.0
2028-09-01,B,Johnny Pop,REG,14946.0
2028-09-01,B,Branded Fuel,REG,28493.0
2028-09-01,B,Unbranded Fuel,REG,15464.0
2028-09-01,B,Rack,REG,40313.0
2028-09-01,B,Eve Fuel,PREM,7334.0
2028-09-01,B,Johnny Pop,PREM,6557.0
2028-09-01,B,Branded Fuel,PREM,11907.0
2028-09-01,B,Unbranded Fuel,PREM,6865.0
2028-09-01,B,Rack,PREM,17383.0
2028-09-01,C,Eve Fuel,ULSD,28880.0
2028-09-01,C,Johnny Pop,ULSD,24798.0
2028-09-01,C,Branded Fuel,ULSD,45028.0
2028-09-01,C,Unbranded Fuel,ULSD,26373.0
2028-09-01,C,Rack,ULSD,64090.0
2028-09-01,C,Eve Fuel,REG,21929.0
2028-09-01,C,Johnny Pop,REG,18339.0
2028-09-01,C,Branded Fuel,REG,36285.0
2028-09-01,C,Unbranded Fuel,REG,20490.0
2028-09-01,C,Rack,REG,50816.0
2028-09-01,C,Eve Fuel,PREM,9208.0
2028-09-01,C,Johnny Pop,PREM,7846.0
2028-09-01,C,Branded Fuel,PREM,14605.0
2028-09-01,C,Unbranded Fuel,PREM,8939.0
2028-09-01,C,Rack,PREM,21904.0
2028-09-01,D,Eve Fuel,ULSD,17988.0
2028-09-01,D,Johnny Pop,ULSD,15247.0
2028-09-01,D,Branded Fuel,ULSD,29250.0
2028-09-01,D,Unbranded Fuel,ULSD,17264.0
2028-09-01,D,Rack,ULSD,44469.0
2028-09-01,D,Eve Fuel,REG,14054.0
2028-09-01,D,Johnny Pop,REG,12226.0
2028-09-01,D,Branded Fuel,REG,23577.0
2028-09-01,D,Unbranded Fuel,REG,13810.0
2028-09-01,D,Rack,REG,34060.0
2028-09-01,D,Eve Fuel,PREM,6129.0
2028-09-01,D,Johnny Pop,PREM,5081.0
2028-09-01,D,Branded Fuel,PREM,9737.0
2028-09-01,D,Unbranded Fuel,PREM,5884.0
2028-09-01,D,Rack,PREM,14259.0
2028-10-01,A,Eve Fuel,ULSD,26697.0
2028-10-01,A,Johnny Pop,ULSD,20627.0
2028-10-01,A,Branded Fuel,ULSD,39327.0
2028-10-01,A,Unbranded Fuel,ULSD,21918.0
2028-10-01,A,Rack,ULSD,54297.0
2028-10-01,A,Eve Fuel,REG,19045.0
2028-10-01,A,Johnny Pop,REG,16491.0
2028-10-01,A,Branded Fuel,REG,32296.0
2028-10-01,A,Unbranded Fuel,REG,17315.0
2028-10-01,A,Rack,REG,46663.0
2028-10-01,A,Eve Fuel,PREM,8297.0
2028-10-01,A,Johnny Pop,PREM,6919.0
2028-10-01,A,Branded Fuel,PREM,14042.0
2028-10-01,A,Unbranded Fuel,PREM,7860.0
2028-10-01,A,Rack,PREM,18980.0
2028-10-01,B,Eve Fuel,ULSD,22123.0
2028-10-01,B,Johnny Pop,ULSD,17398.0
2028-10-01,B,Branded Fuel,ULSD,35383.0
2028-10-01,B,Unbranded Fuel,ULSD,20534.0
2028-10-01,B,Rack,ULSD,50132.0
2028-10-01,B,Eve Fuel,REG,17925.0
2028-10-01,B,Johnny Pop,REG,14758.0
2028-10-01,B,Branded Fuel,REG,28436.0
2028-10-01,B,Unbranded Fuel,REG,16041.0
2028-10-01,B,Rack,REG,41106.0
2028-10-01,B,Eve Fuel,PREM,7678.0
2028-10-01,B,Johnny Pop,PREM,5997.0
2028-10-01,B,Branded Fuel,PREM,12565.0
2028-10-01,B,Unbranded Fuel,PREM,6868.0
2028-10-01,B,Rack,PREM,17230.0
2028-10-01,C,Eve Fuel,ULSD,29662.0
2028-10-01,C,Johnny Pop,ULSD,23931.0
2028-10-01,C,Branded Fuel,ULSD,47530.0
2028-10-01,C,Unbranded Fuel,ULSD,26632.0
2028-10-01,C,Rack,ULSD,64799.0
2028-10-01,C,Eve Fuel,REG,23244.0
2028-10-01,C,Johnny Pop,REG,18168.0
2028-10-01,C,Branded Fuel,REG,36701.0
2028-10-01,C,Unbranded Fuel,REG,20883.0
2028-10-01,C,Rack,REG,51933.0
2028-10-01,C,Eve Fuel,PREM,9644.0
2028-10-01,C,Johnny Pop,PREM,7474.0
2028-10-01,C,Branded Fuel,PREM,15149.0
2028-10-01,C,Unbranded Fuel,PREM,8826.0
2028-10-01,C,Rack,PREM,22110.0
2028-10-01,D,Eve Fuel,ULSD,18359.0
2028-10-01,D,Johnny Pop,ULSD,16087.0
2028-10-01,D,Branded Fuel,ULSD,29353.0
2028-10-01,D,Unbranded Fuel,ULSD,17721.0
2028-10-01,D,Rack,ULSD,43603.0
2028-10-01,D,Eve Fuel,REG,14706.0
2028-10-01,D,Johnny Pop,REG,12923.0
2028-10-01,D,Branded Fuel,REG,23003.0
2028-10-01,D,Unbranded Fuel,REG,14009.0
2028-10-01,D,Rack,REG,35105.0
2028-10-01,D,Eve Fuel,PREM,6187.0
2028-10-01,D,Johnny Pop,PREM,5382.0
2028-10-01,D,Branded Fuel,PREM,9970.0
2028-10-01,D,Unbranded Fuel,PREM,5790.0
2028-10-01,D,Rack,PREM,14463.0
2028-11-01,A,Eve Fuel,ULSD,25636.0
2028-11-01,A,Johnny Pop,ULSD,21572.0
2028-11-01,A,Branded Fuel,ULSD,41925.0
2028-11-01,A,Unbranded Fuel,ULSD,22173.0
2028-11-01,A,Rack,ULSD,60789.0
2028-11-01,A,Eve Fuel,REG,19361.0
2028-11-01,A,Johnny Pop,REG,17189.0
2028-11-01,A,Branded Fuel,REG,33515.0
2028-11-01,A,Unbranded Fuel,REG,17919.0
2028-11-01,A,Rack,REG,45742.0
2028-11-01,A,Eve Fuel,PREM,8295.0
2028-11-01,A,Johnny Pop,PREM,6975.0
2028-11-01,A,Branded Fuel,PREM,13524.0
2028-11-01,A,Unbranded Fuel,PREM,7982.0
2028-11-01,A,Rack,PREM,20267.0
2028-11-01,B,Eve Fuel,ULSD,24136.0
2028-11-01,B,Johnny Pop,ULSD,18634.0
2028-11-01,B,Branded Fuel,ULSD,36624.0
2028-11-01,B,Unbranded Fuel,ULSD,19996.0
2028-11-01,B,Rack,ULSD,51377.0
2028-11-01,B,Eve Fuel,REG,18871.0
2028-11-01,B,Johnny Pop,REG,15733.0
2028-11-01,B,Branded Fuel,REG,28096.0
2028-11-01,B,Unbranded Fuel,REG,16376.0
2028-11-01,B,Rack,REG,41648.0
2028-11-01,B,Eve Fuel,PREM,7787.0
2028-11-01,B,Johnny Pop,PREM,6165.0
2028-11-01,B,Branded Fuel,PREM,12441.0
2028-11-01,B,Unbranded Fuel,PREM,6920.0
2028-11-01,B,Rack,PREM,17542.0
2028-11-01,C,Eve Fuel,ULSD,30086.0
2028-11-01,C,Johnny Pop,ULSD,24224.0
2028-11-01,C,Branded Fuel,ULSD,46476.0
2028-11-01,C,Unbranded Fuel,ULSD,26822.0
2028-11-01,C,Rack,ULSD,67097.0
2028-11-01,C,Eve Fuel,REG,23174.0
2028-11-01,C,Johnny Pop,REG,19025.0
2028-11-01,C,Branded Fuel,REG,39070.0
2028-11-01,C,Unbranded Fuel,REG,21662.0
2028-11-01,C,Rack,REG,52787.0
2028-11-01,C,Eve Fuel,PREM,10073.0
2028-11-01,C,Johnny Pop,PREM,7992.0
2028-11-01,C,Branded Fuel,PREM,16250.0
2028-11-01,C,Unbranded Fuel,PREM,9069.0
2028-11-01,C,Rack,PREM,22353.0
2028-11-01,D,Eve Fuel,ULSD,19564.0
2028-11-01,D,Johnny Pop,ULSD,15051.0
2028-11-01,D,Branded Fuel,ULSD,29674.0
2028-11-01,D,Unbranded Fuel,ULSD,16921.0
2028-11-01,D,Rack,ULSD,44063.0
2028-11-01,D,Eve Fuel,REG,16077.0
2028-11-01,D,Johnny Pop,REG,13341.0
2028-11-01,D,Branded Fuel,REG,24779.0
2028-11-01,D,Unbranded Fuel,REG,14103.0
2028-11-01,D,Rack,REG,32858.0
2028-11-01,D,Eve Fuel,PREM,6330.0
2028-11-01,D,Johnny Pop,PREM,5141.0
2028-11-01,D,Branded Fuel,PREM,10047.0
2028-11-01,D,Unbranded Fuel,PREM,5820.0
2028-11-01,D,Rack,PREM,14418.0
2028-12-01,A,Eve Fuel,ULSD,24832.0
2028-12-01,A,Johnny Pop,ULSD,22085.0
2028-12-01,A,Branded Fuel,ULSD,40648.0
2028-12-01,A,Unbranded Fuel,ULSD,24172.0
2028-12-01,A,Rack,ULSD,63733.0
2028-12-01,A,Eve Fuel,REG,20324.0
2028-12-01,A,Johnny Pop,REG,15802.0
2028-12-01,A,Branded Fuel,REG,32965.0
2028-12-01,A,Unbranded Fuel,REG,19628.0
2028-12-01,A,Rack,REG,50291.0
2028-12-01,A,Eve Fuel,PREM,8475.0
2028-12-01,A,Johnny Pop,PREM,7307.0
2028-12-01,A,Branded Fuel,PREM,13805.0
2028-12-01,A,Unbranded Fuel,PREM,7975.0
2028-12-01,A,Rack,PREM,21587.0
2028-12-01,B,Eve Fuel,ULSD,22689.0
2028-12-01,B,Johnny Pop,ULSD,19588.0
2028-12-01,B,Branded Fuel,ULSD,38330.0
2028-12-01,B,Unbranded Fuel,ULSD,22304.0
2028-12-01,B,Rack,ULSD,54159.0
2028-12-01,B,Eve Fuel,REG,18984.0
2028-12-01,B,Johnny Pop,REG,15209.0
2028-12-01,B,Branded Fuel,REG,30167.0
2028-12-01,B,Unbranded Fuel,REG,16924.0
2028-12-01,B,Rack,REG,43547.0
2028-12-01,B,Eve Fuel,PREM,7832.0
2028-12-01,B,Johnny Pop,PREM,6553.0
2028-12-01,B,Branded Fuel,PREM,12589.0
2028-12-01,B,Unbranded Fuel,PREM,7443.0
2028-12-01,B,Rack,PREM,17972.0
2028-12-01,C,Eve Fuel,ULSD,28745.0
2028-12-01,C,Johnny Pop,ULSD,25780.0
2028-12-01,C,Branded Fuel,ULSD,46988.0
2028-12-01,C,Unbranded Fuel,ULSD,27059.0
2028-12-01,C,Rack,ULSD,67767.0
2028-12-01,C,Eve Fuel,REG,25026.0
2028-12-01,C,Johnny Pop,REG,18405.0
2028-12-01,C,Branded Fuel,REG,41837.0
2028-12-01,C,Unbranded Fuel,REG,22542.0
2028-12-01,C,Rack,REG,54991.0
2028-12-01,C,Eve Fuel,PREM,10103.0
2028-12-01,C,Johnny Pop,PREM,8351.0
2028-12-01,C,Branded Fuel,PREM,16352.0
2028-12-01,C,Unbranded Fuel,PREM,9378.0
2028-12-01,C,Rack,PREM,23383.0
2028-12-01,D,Eve Fuel,ULSD,19853.0
2028-12-01,D,Johnny Pop,ULSD,16104.0
2028-12-01,D,Branded Fuel,ULSD,31357.0
2028-12-01,D,Unbranded Fuel,ULSD,17895.0
2028-12-01,D,Rack,ULSD,46531.0
2028-12-01,D,Eve Fuel,REG,15954.0
2028-12-01,D,Johnny Pop,REG,11694.0
2028-12-01,D,Branded Fuel,REG,25428.0
2028-12-01,D,Unbranded Fuel,REG,14333.0
2028-12-01,D,Rack,REG,35605.0
2028-12-01,D,Eve Fuel,PREM,6523.0
2028-12-01,D,Johnny Pop,PREM,5582.0
2028-12-01,D,Branded Fuel,PREM,10798.0
2028-12-01,D,Unbranded Fuel,PREM,5861.0
2028-12-01,D,Rack,PREM,15183.0
2029-01-01,A,Eve Fuel,ULSD,26271.0
2029-01-01,A,Johnny Pop,ULSD,21224.0
2029-01-01,A,Branded Fuel,ULSD,42241.0
2029-01-01,A,Unbranded Fuel,ULSD,25236.0
2029-01-01,A,Rack,ULSD,63259.0
2029-01-01,A,Eve Fuel,REG,21752.0
2029-01-01,A,Johnny Pop,REG,17909.0
2029-01-01,A,Branded Fuel,REG,34609.0
2029-01-01,A,Unbranded Fuel,REG,19100.0
2029-01-01,A,Rack,REG,49318.0
2029-01-01,A,Eve Fuel,PREM,9237.0
2029-01-01,A,Johnny Pop,PREM,7547.0
2029-01-01,A,Branded Fuel,PREM,14862.0
2029-01-01,A,Unbranded Fuel,PREM,8374.0
2029-01-01,A,Rack,PREM,20716.0
2029-01-01,B,Eve Fuel,ULSD,25136.0
2029-01-01,B,Johnny Pop,ULSD,19910.0
2029-01-01,B,Branded Fuel,ULSD,37720.0
2029-01-01,B,Unbranded Fuel,ULSD,22032.0
2029-01-01,B,Rack,ULSD,54113.0
2029-01-01,B,Eve Fuel,REG,18890.0
2029-01-01,B,Johnny Pop,REG,15706.0
2029-01-01,B,Branded Fuel,REG,29944.0
2029-01-01,B,Unbranded Fuel,REG,17366.0
2029-01-01,B,Rack,REG,41329.0
2029-01-01,B,Eve Fuel,PREM,8170.0
2029-01-01,B,Johnny Pop,PREM,6642.0
2029-01-01,B,Branded Fuel,PREM,12598.0
2029-01-01,B,Unbranded Fuel,PREM,7526.0
2029-01-01,B,Rack,PREM,18969.0
2029-01-01,C,Eve Fuel,ULSD,29618.0
2029-01-01,C,Johnny Pop,ULSD,24878.0
2029-01-01,C,Branded Fuel,ULSD,48365.0
2029-01-01,C,Unbranded Fuel,ULSD,27492.0
2029-01-01,C,Rack,ULSD,72485.0
2029-01-01,C,Eve Fuel,REG,24493.0
2029-01-01,C,Johnny Pop,REG,19997.0
2029-01-01,C,Branded Fuel,REG,36837.0
2029-01-01,C,Unbranded Fuel,REG,22823.0
2029-01-01,C,Rack,REG,53909.0
2029-01-01,C,Eve Fuel,PREM,10392.0
2029-01-01,C,Johnny Pop,PREM,8558.0
2029-01-01,C,Branded Fuel,PREM,17176.0
2029-01-01,C,Unbranded Fuel,PREM,9060.0
2029-01-01,C,Rack,PREM,21439.0
2029-01-01,D,Eve Fuel,ULSD,20407.0
2029-01-01,D,Johnny Pop,ULSD,17502.0
2029-01-01,D,Branded Fuel,ULSD,33488.0
2029-01-01,D,Unbranded Fuel,ULSD,18566.0
2029-01-01,D,Rack,ULSD,45445.0
2029-01-01,D,Eve Fuel,REG,16456.0
2029-01-01,D,Johnny Pop,REG,12762.0
2029-01-01,D,Branded Fuel,REG,25926.0
2029-01-01,D,Unbranded Fuel,REG,14828.0
2029-01-01,D,Rack,REG,37677.0
2029-01-01,D,Eve Fuel,PREM,7325.0
2029-01-01,D,Johnny Pop,PREM,5600.0
2029-01-01,D,Branded Fuel,PREM,10598.0
2029-01-01,D,Unbranded Fuel,PREM,6145.0
2029-01-01,D,Rack,PREM,14559.0
2029-02-01,A,Eve Fuel,ULSD,26969.0
2029-02-01,A,Johnny Pop,ULSD,22259.0
2029-02-01,A,Branded Fuel,ULSD,43130.0
2029-02-01,A,Unbranded Fuel,ULSD,25154.0
2029-02-01,A,Rack,ULSD,61054.0
2029-02-01,A,Eve Fuel,REG,22538.0
2029-02-01,A,Johnny Pop,REG,17841.0
2029-02-01,A,Branded Fuel,REG,34680.0
2029-02-01,A,Unbranded Fuel,REG,19628.0
2029-02-01,A,Rack,REG,49788.0
2029-02-01,A,Eve Fuel,PREM,9408.0
2029-02-01,A,Johnny Pop,PREM,7316.0
2029-02-01,A,Branded Fuel,PREM,14318.0
2029-02-01,A,Unbranded Fuel,PREM,8270.0
2029-02-01,A,Rack,PREM,20024.0
2029-02-01,B,Eve Fuel,ULSD,24180.0
2029-02-01,B,Johnny Pop,ULSD,19992.0
2029-02-01,B,Branded Fuel,ULSD,40471.0
2029-02-01,B,Unbranded Fuel,ULSD,22713.0
2029-02-01,B,Rack,ULSD,56665.0
2029-02-01,B,Eve Fuel,REG,20125.0
2029-02-01,B,Johnny Pop,REG,15990.0
2029-02-01,B,Branded Fuel,REG,31587.0
2029-02-01,B,Unbranded Fuel,REG,17785.0
2029-02-01,B,Rack,REG,44956.0
2029-02-01,B,Eve Fuel,PREM,8118.0
2029-02-01,B,Johnny Pop,PREM,6266.0
2029-02-01,B,Branded Fuel,PREM,13093.0
2029-02-01,B,Unbranded Fuel,PREM,7832.0
2029-02-01,B,Rack,PREM,19301.0
2029-02-01,C,Eve Fuel,ULSD,32592.0
2029-02-01,C,Johnny Pop,ULSD,26877.0
2029-02-01,C,Branded Fuel,ULSD,50525.0
2029-02-01,C,Unbranded Fuel,ULSD,28966.0
2029-02-01,C,Rack,ULSD,70654.0
2029-02-01,C,Eve Fuel,REG,24838.0
2029-02-01,C,Johnny Pop,REG,20896.0
2029-02-01,C,Branded Fuel,REG,41334.0
2029-02-01,C,Unbranded Fuel,REG,22701.0
2029-02-01,C,Rack,REG,56221.0
2029-02-01,C,Eve Fuel,PREM,10558.0
2029-02-01,C,Johnny Pop,PREM,8794.0
2029-02-01,C,Branded Fuel,PREM,16070.0
2029-02-01,C,Unbranded Fuel,PREM,8937.0
2029-02-01,C,Rack,PREM,23600.0
2029-02-01,D,Eve Fuel,ULSD,19901.0
2029-02-01,D,Johnny Pop,ULSD,16644.0
2029-02-01,D,Branded Fuel,ULSD,32718.0
2029-02-01,D,Unbranded Fuel,ULSD,18524.0
2029-02-01,D,Rack,ULSD,48994.0
2029-02-01,D,Eve Fuel,REG,16514.0
2029-02-01,D,Johnny Pop,REG,13501.0
2029-02-01,D,Branded Fuel,REG,26503.0
2029-02-01,D,Unbranded Fuel,REG,14359.0
2029-02-01,D,Rack,REG,38326.0
2029-02-01,D,Eve Fuel,PREM,6870.0
2029-02-01,D,Johnny Pop,PREM,5747.0
2029-02-01,D,Branded Fuel,PREM,10602.0
2029-02-01,D,Unbranded Fuel,PREM,5968.0
2029-02-01,D,Rack,PREM,16034.0
2029-03-01,A,Eve Fuel,ULSD,28033.0
2029-03-01,A,Johnny Pop,ULSD,22066.0
2029-03-01,A,Branded Fuel,ULSD,42949.0
2029-03-01,A,Unbranded Fuel,ULSD,26051.0
2029-03-01,A,Rack,ULSD,60752.0
2029-03-01,A,Eve Fuel,REG,23026.0
2029-03-01,A,Johnny Pop,REG,17470.0
2029-03-01,A,Branded Fuel,REG,35581.0
2029-03-01,A,Unbranded Fuel,REG,19753.0
2029-03-01,A,Rack,REG,50778.0
2029-03-01,A,Eve Fuel,PREM,9089.0
2029-03-01,A,Johnny Pop,PREM,7523.0
2029-03-01,A,Branded Fuel,PREM,14718.0
2029-03-01,A,Unbranded Fuel,PREM,8147.0
2029-03-01,A,Rack,PREM,21467.0
2029-03-01,B,Eve Fuel,ULSD,24564.0
2029-03-01,B,Johnny Pop,ULSD,20272.0
2029-03-01,B,Branded Fuel,ULSD,38506.0
2029-03-01,B,Unbranded Fuel,ULSD,20937.0
2029-03-01,B,Rack,ULSD,56375.0
2029-03-01,B,Eve Fuel,REG,21180.0
2029-03-01,B,Johnny Pop,REG,16540.0
2029-03-01,B,Branded Fuel,REG,31403.0
2029-03-01,B,Unbranded Fuel,REG,17813.0
2029-03-01,B,Rack,REG,44918.0
2029-03-01,B,Eve Fuel,PREM,8452.0
2029-03-01,B,Johnny Pop,PREM,6563.0
2029-03-01,B,Branded Fuel,PREM,13672.0
2029-03-01,B,Unbranded Fuel,PREM,7722.0
2029-03-01,B,Rack,PREM,19307.0
2029-03-01,C,Eve Fuel,ULSD,32297.0
2029-03-01,C,Johnny Pop,ULSD,26097.0
2029-03-01,C,Branded Fuel,ULSD,51739.0
2029-03-01,C,Unbranded Fuel,ULSD,29495.0
2029-03-01,C,Rack,ULSD,71680.0
2029-03-01,C,Eve Fuel,REG,24802.0
2029-03-01,C,Johnny Pop,REG,20711.0
2029-03-01,C,Branded Fuel,REG,42015.0
2029-03-01,C,Unbranded Fuel,REG,22090.0
2029-03-01,C,Rack,REG,54831.0
2029-03-01,C,Eve Fuel,PREM,10679.0
2029-03-01,C,Johnny Pop,PREM,8707.0
2029-03-01,C,Branded Fuel,PREM,16993.0
2029-03-01,C,Unbranded Fuel,PREM,9731.0
2029-03-01,C,Rack,PREM,23988.0
2029-03-01,D,Eve Fuel,ULSD,21719.0
2029-03-01,D,Johnny Pop,ULSD,16193.0
2029-03-01,D,Branded Fuel,ULSD,32253.0
2029-03-01,D,Unbranded Fuel,ULSD,18841.0
2029-03-01,D,Rack,ULSD,44921.0
2029-03-01,D,Eve Fuel,REG,16372.0
2029-03-01,D,Johnny Pop,REG,14137.0
2029-03-01,D,Branded Fuel,REG,26201.0
2029-03-01,D,Unbranded Fuel,REG,15066.0
2029-03-01,D,Rack,REG,35992.0
2029-03-01,D,Eve Fuel,PREM,6802.0
2029-03-01,D,Johnny Pop,PREM,5606.0
2029-03-01,D,Branded Fuel,PREM,10920.0
2029-03-01,D,Unbranded Fuel,PREM,6542.0
2029-03-01,D,Rack,PREM,16014.0
